filename,class
16458.jpg,0
14139.jpg,0
17349.jpg,0
100549.jpg,0
11355.jpg,0
100444.jpg,0
13102.jpg,0
10263.jpg,0
18804.jpg,0
14146.jpg,0
101179.jpg,0
15379.jpg,0
18544.jpg,0
16639.jpg,0
17441.jpg,0
10304.jpg,0
16011.jpg,0
18285.jpg,0
16885.jpg,0
16893.jpg,0
19384.jpg,0
10495.jpg,0
14177.jpg,0
16126.jpg,0
16597.jpg,0
101100.jpg,0
18572.jpg,0
19233.jpg,0
17841.jpg,0
100272.jpg,0
17901.jpg,0
19244.jpg,0
15815.jpg,0
12149.jpg,0
103040.jpg,0
16391.jpg,0
19063.jpg,0
11561.jpg,0
14084.jpg,0
10127.jpg,0
18817.jpg,0
1905.jpg,0
10688.jpg,0
101414.jpg,0
10717.jpg,0
12709.jpg,0
14991.jpg,0
103079.jpg,0
101671.jpg,0
15283.jpg,0
16689.jpg,0
17971.jpg,0
19694.jpg,0
10427.jpg,0
10627.jpg,0
100150.jpg,0
14476.jpg,0
18711.jpg,0
153.jpg,0
16829.jpg,0
11982.jpg,0
18995.jpg,0
15039.jpg,0
15681.jpg,0
16876.jpg,0
11806.jpg,0
102735.jpg,0
19157.jpg,0
16474.jpg,0
13648.jpg,0
11450.jpg,0
12804.jpg,0
10538.jpg,0
1513.jpg,0
11497.jpg,0
19162.jpg,0
15147.jpg,0
10489.jpg,0
14539.jpg,0
102906.jpg,0
10645.jpg,0
15945.jpg,0
16606.jpg,0
100466.jpg,0
18643.jpg,0
14850.jpg,0
16230.jpg,0
15330.jpg,0
15839.jpg,0
13627.jpg,0
11261.jpg,0
11304.jpg,0
1656.jpg,0
18343.jpg,0
10088.jpg,0
17585.jpg,0
16029.jpg,0
13367.jpg,0
15694.jpg,0
10857.jpg,0
11392.jpg,0
19544.jpg,0
102056.jpg,0
1374.jpg,0
100503.jpg,0
19871.jpg,0
14622.jpg,0
11667.jpg,0
100960.jpg,0
15640.jpg,0
14858.jpg,0
13064.jpg,0
16457.jpg,0
103117.jpg,0
11838.jpg,0
100284.jpg,0
102727.jpg,0
19305.jpg,0
19559.jpg,0
101791.jpg,0
11204.jpg,0
12448.jpg,0
14131.jpg,0
13800.jpg,0
15259.jpg,0
15560.jpg,0
16161.jpg,0
100052.jpg,0
101357.jpg,0
16729.jpg,0
15932.jpg,0
19758.jpg,0
12073.jpg,0
10658.jpg,0
18699.jpg,0
18655.jpg,0
12989.jpg,0
11270.jpg,0
15377.jpg,0
16157.jpg,0
1218.jpg,0
19987.jpg,0
103084.jpg,0
18291.jpg,0
101672.jpg,0
101765.jpg,0
10291.jpg,0
101651.jpg,0
19268.jpg,0
16675.jpg,0
15915.jpg,0
17061.jpg,0
18574.jpg,0
15994.jpg,0
11048.jpg,0
10118.jpg,0
1089.jpg,0
10610.jpg,0
11053.jpg,0
19766.jpg,0
11969.jpg,0
101237.jpg,0
15975.jpg,0
1297.jpg,0
11000.jpg,0
18596.jpg,0
1770.jpg,0
15931.jpg,0
18919.jpg,0
13639.jpg,0
1446.jpg,0
13246.jpg,0
19541.jpg,0
1065.jpg,0
16786.jpg,0
13809.jpg,0
101531.jpg,0
13702.jpg,0
15174.jpg,0
11675.jpg,0
102330.jpg,0
13586.jpg,0
19658.jpg,0
16306.jpg,0
11814.jpg,0
14194.jpg,0
11998.jpg,0
16994.jpg,0
17795.jpg,0
13930.jpg,0
15542.jpg,0
17022.jpg,0
13429.jpg,0
18131.jpg,0
102140.jpg,0
13182.jpg,0
14716.jpg,0
15595.jpg,0
16972.jpg,0
17086.jpg,0
101646.jpg,0
17037.jpg,0
101518.jpg,0
102351.jpg,0
17040.jpg,0
17732.jpg,0
13602.jpg,0
102302.jpg,0
12587.jpg,0
17672.jpg,0
12572.jpg,0
15112.jpg,0
15461.jpg,0
19050.jpg,0
19890.jpg,0
13468.jpg,0
17138.jpg,0
19401.jpg,0
13033.jpg,0
13797.jpg,0
19833.jpg,0
100977.jpg,0
15887.jpg,0
101933.jpg,0
18617.jpg,0
12094.jpg,0
1345.jpg,0
17446.jpg,0
10946.jpg,0
19947.jpg,0
13172.jpg,0
10027.jpg,0
15264.jpg,0
101538.jpg,0
11098.jpg,0
101919.jpg,0
12620.jpg,0
15778.jpg,0
15902.jpg,0
10699.jpg,0
12246.jpg,0
1846.jpg,0
15474.jpg,0
1225.jpg,0
10791.jpg,0
12695.jpg,0
12172.jpg,0
12086.jpg,0
10539.jpg,0
102034.jpg,0
17654.jpg,0
18122.jpg,0
1087.jpg,0
13226.jpg,0
18460.jpg,0
15000.jpg,0
18417.jpg,0
18807.jpg,0
12932.jpg,0
100712.jpg,0
18041.jpg,0
15805.jpg,0
18350.jpg,0
12558.jpg,0
15360.jpg,0
100382.jpg,0
18015.jpg,0
15489.jpg,0
13695.jpg,0
10357.jpg,0
17294.jpg,0
100785.jpg,0
1823.jpg,0
12510.jpg,0
100782.jpg,0
1707.jpg,0
13092.jpg,0
11318.jpg,0
19187.jpg,0
18608.jpg,0
102671.jpg,0
14063.jpg,0
18108.jpg,0
18039.jpg,0
101009.jpg,0
15471.jpg,0
17577.jpg,0
13401.jpg,0
19584.jpg,0
16703.jpg,0
11134.jpg,0
14998.jpg,0
12532.jpg,0
1304.jpg,0
15043.jpg,0
101076.jpg,0
17674.jpg,0
13029.jpg,0
103086.jpg,0
1623.jpg,0
12044.jpg,0
17516.jpg,0
102987.jpg,0
13453.jpg,0
102740.jpg,0
14910.jpg,0
15807.jpg,0
18517.jpg,0
102211.jpg,0
11859.jpg,0
18783.jpg,0
18295.jpg,0
12327.jpg,0
12090.jpg,0
13826.jpg,0
11258.jpg,0
13385.jpg,0
101719.jpg,0
13135.jpg,0
17687.jpg,0
101995.jpg,0
16789.jpg,0
13497.jpg,0
15371.jpg,0
15357.jpg,0
101535.jpg,0
16471.jpg,0
16.jpg,0
10318.jpg,0
11944.jpg,0
18327.jpg,0
13522.jpg,0
18079.jpg,0
100204.jpg,0
19889.jpg,0
18613.jpg,0
13084.jpg,0
19472.jpg,0
19023.jpg,0
101482.jpg,0
18954.jpg,0
1365.jpg,0
18696.jpg,0
12133.jpg,0
1915.jpg,0
10917.jpg,0
1448.jpg,0
13198.jpg,0
13122.jpg,0
102231.jpg,0
19006.jpg,0
11605.jpg,0
1286.jpg,0
100011.jpg,0
100832.jpg,0
18351.jpg,0
102209.jpg,0
11401.jpg,0
15597.jpg,0
12234.jpg,0
18397.jpg,0
10409.jpg,0
11638.jpg,0
13090.jpg,0
101315.jpg,0
102072.jpg,0
1975.jpg,0
13229.jpg,0
18402.jpg,0
15670.jpg,0
14996.jpg,0
11696.jpg,0
17505.jpg,0
14973.jpg,0
12850.jpg,0
18328.jpg,0
102688.jpg,0
14645.jpg,0
101276.jpg,0
19924.jpg,0
18278.jpg,0
14174.jpg,0
11965.jpg,0
19031.jpg,0
100888.jpg,0
12207.jpg,0
19165.jpg,0
19513.jpg,0
102678.jpg,0
15016.jpg,0
13878.jpg,0
16944.jpg,0
16446.jpg,0
13178.jpg,0
1572.jpg,0
15291.jpg,0
10043.jpg,0
102214.jpg,0
100121.jpg,0
102312.jpg,0
12660.jpg,0
100594.jpg,0
100046.jpg,0
100232.jpg,0
14784.jpg,0
10332.jpg,0
11574.jpg,0
101733.jpg,0
101245.jpg,0
10500.jpg,0
17074.jpg,0
16735.jpg,0
102595.jpg,0
12605.jpg,0
17443.jpg,0
1988.jpg,0
13112.jpg,0
11296.jpg,0
11736.jpg,0
102768.jpg,0
19343.jpg,0
10365.jpg,0
1819.jpg,0
103143.jpg,0
11745.jpg,0
103148.jpg,0
15211.jpg,0
12976.jpg,0
19262.jpg,0
17279.jpg,0
19153.jpg,0
18325.jpg,0
18884.jpg,0
14153.jpg,0
11223.jpg,0
101722.jpg,0
101194.jpg,0
100259.jpg,0
17085.jpg,0
14552.jpg,0
1932.jpg,0
11928.jpg,0
100883.jpg,0
16327.jpg,0
12921.jpg,0
19919.jpg,0
101794.jpg,0
18682.jpg,0
15436.jpg,0
100546.jpg,0
19757.jpg,0
11779.jpg,0
14721.jpg,0
12462.jpg,0
1831.jpg,0
100428.jpg,0
16407.jpg,0
18078.jpg,0
100177.jpg,0
18852.jpg,0
100033.jpg,0
101146.jpg,0
100999.jpg,0
101054.jpg,0
17438.jpg,0
15187.jpg,0
15449.jpg,0
12544.jpg,0
17068.jpg,0
11391.jpg,0
102350.jpg,0
15143.jpg,0
15045.jpg,0
11797.jpg,0
15645.jpg,0
15623.jpg,0
16118.jpg,0
185.jpg,0
19996.jpg,0
12357.jpg,0
18830.jpg,0
11065.jpg,0
12093.jpg,0
16105.jpg,0
13662.jpg,0
13882.jpg,0
101793.jpg,0
19538.jpg,0
18600.jpg,0
11018.jpg,0
11310.jpg,0
102116.jpg,0
12201.jpg,0
17265.jpg,0
19295.jpg,0
12066.jpg,0
19553.jpg,0
19920.jpg,0
12598.jpg,0
13799.jpg,0
19962.jpg,0
102704.jpg,0
19729.jpg,0
14003.jpg,0
15425.jpg,0
12192.jpg,0
19906.jpg,0
10011.jpg,0
101962.jpg,0
17205.jpg,0
100668.jpg,0
14216.jpg,0
11303.jpg,0
17908.jpg,0
17863.jpg,0
102902.jpg,0
10896.jpg,0
12534.jpg,0
15979.jpg,0
11881.jpg,0
12549.jpg,0
100589.jpg,0
10522.jpg,0
17763.jpg,0
100411.jpg,0
16839.jpg,0
101985.jpg,0
11869.jpg,0
1802.jpg,0
102272.jpg,0
13427.jpg,0
1990.jpg,0
13061.jpg,0
16308.jpg,0
11269.jpg,0
101779.jpg,0
103189.jpg,0
14589.jpg,0
16975.jpg,0
10140.jpg,0
17409.jpg,0
18536.jpg,0
103112.jpg,0
101790.jpg,0
19410.jpg,0
13694.jpg,0
103054.jpg,0
17202.jpg,0
18022.jpg,0
102364.jpg,0
100073.jpg,0
14797.jpg,0
100656.jpg,0
100502.jpg,0
18450.jpg,0
18586.jpg,0
12876.jpg,0
19469.jpg,0
16449.jpg,0
102307.jpg,0
13239.jpg,0
17965.jpg,0
103153.jpg,0
18529.jpg,0
18997.jpg,0
1115.jpg,0
14971.jpg,0
18642.jpg,0
15992.jpg,0
14276.jpg,0
15528.jpg,0
18635.jpg,0
11931.jpg,0
14493.jpg,0
14943.jpg,0
19362.jpg,0
17267.jpg,0
15710.jpg,0
10108.jpg,0
11379.jpg,0
18885.jpg,0
15044.jpg,0
18227.jpg,0
17550.jpg,0
13689.jpg,0
13509.jpg,0
10982.jpg,0
13169.jpg,0
15189.jpg,0
12391.jpg,0
1799.jpg,0
13268.jpg,0
19510.jpg,0
11100.jpg,0
13311.jpg,0
104.jpg,0
14572.jpg,0
100591.jpg,0
17958.jpg,0
102832.jpg,0
103213.jpg,0
11353.jpg,0
103047.jpg,0
100792.jpg,0
15165.jpg,0
10574.jpg,0
13690.jpg,0
11547.jpg,0
18335.jpg,0
10779.jpg,0
102024.jpg,0
102229.jpg,0
101471.jpg,0
15596.jpg,0
10937.jpg,0
16445.jpg,0
103094.jpg,0
10152.jpg,0
19971.jpg,0
101980.jpg,0
16245.jpg,0
19178.jpg,0
11979.jpg,0
17582.jpg,0
103044.jpg,0
16002.jpg,0
19425.jpg,0
13132.jpg,0
12005.jpg,0
16477.jpg,0
12716.jpg,0
12228.jpg,0
18625.jpg,0
17927.jpg,0
15199.jpg,0
14406.jpg,0
15158.jpg,0
17662.jpg,0
11400.jpg,0
12345.jpg,0
101504.jpg,0
15938.jpg,0
11319.jpg,0
19091.jpg,0
10273.jpg,0
100094.jpg,0
19416.jpg,0
103024.jpg,0
1068.jpg,0
100009.jpg,0
17820.jpg,0
15370.jpg,0
17501.jpg,0
11793.jpg,0
102153.jpg,0
18173.jpg,0
17096.jpg,0
18819.jpg,0
12240.jpg,0
11177.jpg,0
10811.jpg,0
17272.jpg,0
1580.jpg,0
12766.jpg,0
12956.jpg,0
17675.jpg,0
18498.jpg,0
17314.jpg,0
19155.jpg,0
18354.jpg,0
103246.jpg,0
12518.jpg,0
15372.jpg,0
1464.jpg,0
14481.jpg,0
15423.jpg,0
15995.jpg,0
18269.jpg,0
13900.jpg,0
18176.jpg,0
12615.jpg,0
1401.jpg,0
12923.jpg,0
101310.jpg,0
10833.jpg,0
18956.jpg,0
13463.jpg,0
1327.jpg,0
100735.jpg,0
100436.jpg,0
12058.jpg,0
17179.jpg,0
18870.jpg,0
101370.jpg,0
1804.jpg,0
11354.jpg,0
12609.jpg,0
17373.jpg,0
1144.jpg,0
102681.jpg,0
16656.jpg,0
18692.jpg,0
10196.jpg,0
100642.jpg,0
13168.jpg,0
12607.jpg,0
12611.jpg,0
19982.jpg,0
10505.jpg,0
10311.jpg,0
13118.jpg,0
100837.jpg,0
18828.jpg,0
16031.jpg,0
11828.jpg,0
102400.jpg,0
10689.jpg,0
1749.jpg,0
1733.jpg,0
102408.jpg,0
11771.jpg,0
102304.jpg,0
11297.jpg,0
16873.jpg,0
13045.jpg,0
13050.jpg,0
19479.jpg,0
102352.jpg,0
11163.jpg,0
102437.jpg,0
12107.jpg,0
102434.jpg,0
13294.jpg,0
11041.jpg,0
19600.jpg,0
11798.jpg,0
10807.jpg,0
100976.jpg,0
12001.jpg,0
15491.jpg,0
102466.jpg,0
10265.jpg,0
13992.jpg,0
17907.jpg,0
11762.jpg,0
102767.jpg,0
1400.jpg,0
102207.jpg,0
103236.jpg,0
101729.jpg,0
1061.jpg,0
100151.jpg,0
19531.jpg,0
16478.jpg,0
100128.jpg,0
13006.jpg,0
17168.jpg,0
17571.jpg,0
13276.jpg,0
11813.jpg,0
101666.jpg,0
14344.jpg,0
1808.jpg,0
1535.jpg,0
10288.jpg,0
102197.jpg,0
102173.jpg,0
18615.jpg,0
11705.jpg,0
16406.jpg,0
15510.jpg,0
18392.jpg,0
101757.jpg,0
101501.jpg,0
1772.jpg,0
13785.jpg,0
101686.jpg,0
19292.jpg,0
10216.jpg,0
10305.jpg,0
11602.jpg,0
101196.jpg,0
101428.jpg,0
19768.jpg,0
18452.jpg,0
100909.jpg,0
11549.jpg,0
12303.jpg,0
11174.jpg,0
12464.jpg,0
13675.jpg,0
11823.jpg,0
15619.jpg,0
1022.jpg,0
101888.jpg,0
100249.jpg,0
15962.jpg,0
1855.jpg,0
17726.jpg,0
10.jpg,0
10231.jpg,0
11001.jpg,0
100076.jpg,0
14577.jpg,0
14919.jpg,0
10525.jpg,0
19359.jpg,0
100939.jpg,0
17229.jpg,0
1432.jpg,0
10713.jpg,0
16909.jpg,0
101071.jpg,0
14866.jpg,0
11943.jpg,0
11733.jpg,0
16543.jpg,0
14195.jpg,0
16408.jpg,0
12174.jpg,0
100495.jpg,0
12531.jpg,0
11160.jpg,0
18967.jpg,0
13444.jpg,0
102534.jpg,0
15753.jpg,0
15795.jpg,0
10160.jpg,0
12573.jpg,0
100847.jpg,0
100126.jpg,0
11734.jpg,0
18710.jpg,0
103106.jpg,0
19930.jpg,0
102685.jpg,0
12317.jpg,0
14848.jpg,0
16747.jpg,0
19660.jpg,0
12115.jpg,0
1868.jpg,0
102030.jpg,0
11968.jpg,0
102682.jpg,0
14450.jpg,0
10729.jpg,0
18567.jpg,0
16329.jpg,0
11013.jpg,0
15226.jpg,0
15160.jpg,0
100720.jpg,0
1054.jpg,0
15018.jpg,0
12102.jpg,0
15923.jpg,0
1680.jpg,0
10602.jpg,0
100007.jpg,0
11831.jpg,0
19521.jpg,0
11452.jpg,0
100459.jpg,0
14449.jpg,0
12674.jpg,0
102765.jpg,0
1514.jpg,0
14964.jpg,0
18080.jpg,0
13136.jpg,0
18789.jpg,0
1713.jpg,0
18456.jpg,0
17517.jpg,0
13395.jpg,0
101585.jpg,0
1127.jpg,0
12590.jpg,0
17874.jpg,0
14568.jpg,0
102017.jpg,0
10167.jpg,0
102310.jpg,0
102131.jpg,0
10585.jpg,0
100025.jpg,0
11763.jpg,0
11349.jpg,0
19062.jpg,0
12662.jpg,0
1248.jpg,0
19085.jpg,0
101940.jpg,0
13440.jpg,0
100972.jpg,0
13691.jpg,0
14931.jpg,0
16223.jpg,0
17739.jpg,0
100029.jpg,0
17677.jpg,0
18081.jpg,0
13154.jpg,0
16775.jpg,0
13581.jpg,0
14041.jpg,0
13714.jpg,0
18239.jpg,0
16783.jpg,0
11455.jpg,0
14218.jpg,0
15513.jpg,0
16337.jpg,0
16698.jpg,0
100646.jpg,0
15918.jpg,0
15835.jpg,0
16687.jpg,0
102642.jpg,0
14150.jpg,0
101156.jpg,0
17765.jpg,0
19819.jpg,0
16709.jpg,0
100769.jpg,0
18929.jpg,0
101024.jpg,0
10708.jpg,0
16077.jpg,0
10908.jpg,0
102332.jpg,0
15124.jpg,0
13328.jpg,0
16332.jpg,0
14427.jpg,0
16251.jpg,0
102629.jpg,0
100729.jpg,0
1275.jpg,0
17532.jpg,0
11833.jpg,0
11051.jpg,0
16673.jpg,0
15042.jpg,0
14612.jpg,0
10850.jpg,0
13824.jpg,0
13709.jpg,0
16983.jpg,0
102999.jpg,0
19652.jpg,0
12747.jpg,0
15883.jpg,0
13981.jpg,0
102320.jpg,0
13892.jpg,0
17560.jpg,0
100559.jpg,0
17222.jpg,0
101296.jpg,0
18632.jpg,0
13070.jpg,0
16645.jpg,0
17831.jpg,0
15848.jpg,0
1006.jpg,0
10071.jpg,0
103037.jpg,0
101605.jpg,0
13228.jpg,0
17691.jpg,0
103158.jpg,0
10930.jpg,0
18190.jpg,0
1561.jpg,0
13525.jpg,0
10242.jpg,0
1884.jpg,0
12998.jpg,0
13908.jpg,0
17634.jpg,0
100901.jpg,0
1786.jpg,0
12817.jpg,0
102944.jpg,0
101973.jpg,0
1606.jpg,0
101412.jpg,0
102828.jpg,0
15020.jpg,0
13396.jpg,0
101613.jpg,0
19903.jpg,0
18161.jpg,0
14470.jpg,0
13949.jpg,0
18010.jpg,0
18418.jpg,0
100322.jpg,0
100784.jpg,0
124.jpg,0
103129.jpg,0
102183.jpg,0
11592.jpg,0
1870.jpg,0
15736.jpg,0
101392.jpg,0
15497.jpg,0
101150.jpg,0
1112.jpg,0
1920.jpg,0
10445.jpg,0
102762.jpg,0
15179.jpg,0
18135.jpg,0
100812.jpg,0
17992.jpg,0
101937.jpg,0
17379.jpg,0
11235.jpg,0
13616.jpg,0
100201.jpg,0
14578.jpg,0
1783.jpg,0
10838.jpg,0
12669.jpg,0
15808.jpg,0
10726.jpg,0
19710.jpg,0
15217.jpg,0
12683.jpg,0
15228.jpg,0
17070.jpg,0
100462.jpg,0
14066.jpg,0
10278.jpg,0
19926.jpg,0
12954.jpg,0
1437.jpg,0
17614.jpg,0
18610.jpg,0
12745.jpg,0
13410.jpg,0
12118.jpg,0
16066.jpg,0
16190.jpg,0
13054.jpg,0
10068.jpg,0
17382.jpg,0
15993.jpg,0
100149.jpg,0
10944.jpg,0
10192.jpg,0
1051.jpg,0
17515.jpg,0
100759.jpg,0
10194.jpg,0
103006.jpg,0
12141.jpg,0
100392.jpg,0
19204.jpg,0
11616.jpg,0
18558.jpg,0
17134.jpg,0
18539.jpg,0
12967.jpg,0
19648.jpg,0
10641.jpg,0
103204.jpg,0
1160.jpg,0
17414.jpg,0
11513.jpg,0
12138.jpg,0
12670.jpg,0
12360.jpg,0
101604.jpg,0
19900.jpg,0
13105.jpg,0
102563.jpg,0
100271.jpg,0
12051.jpg,0
13827.jpg,0
17130.jpg,0
102802.jpg,0
18900.jpg,0
101599.jpg,0
12082.jpg,0
10826.jpg,0
101674.jpg,0
1705.jpg,0
10490.jpg,0
12284.jpg,0
11176.jpg,0
12603.jpg,0
10847.jpg,0
14778.jpg,0
15477.jpg,0
10902.jpg,0
14691.jpg,0
14689.jpg,0
14064.jpg,0
11617.jpg,0
18850.jpg,0
19276.jpg,0
11887.jpg,0
17185.jpg,0
15424.jpg,0
103183.jpg,0
1492.jpg,0
15939.jpg,0
101828.jpg,0
19525.jpg,0
13688.jpg,0
101148.jpg,0
16159.jpg,0
14219.jpg,0
19334.jpg,0
14297.jpg,0
103111.jpg,0
100219.jpg,0
13197.jpg,0
12548.jpg,0
17436.jpg,0
18257.jpg,0
13727.jpg,0
10739.jpg,0
100390.jpg,0
17447.jpg,0
13956.jpg,0
16680.jpg,0
101141.jpg,0
14425.jpg,0
100598.jpg,0
17655.jpg,0
11528.jpg,0
10816.jpg,0
18030.jpg,0
1427.jpg,0
1922.jpg,0
11475.jpg,0
11716.jpg,0
102758.jpg,0
13100.jpg,0
1164.jpg,0
18205.jpg,0
12263.jpg,0
10551.jpg,0
1686.jpg,0
12447.jpg,0
17120.jpg,0
102365.jpg,0
14805.jpg,0
102204.jpg,0
18189.jpg,0
18724.jpg,0
102781.jpg,0
1221.jpg,0
12997.jpg,0
102515.jpg,0
14291.jpg,0
100157.jpg,0
100692.jpg,0
11558.jpg,0
18495.jpg,0
15329.jpg,0
13207.jpg,0
17396.jpg,0
14751.jpg,0
13380.jpg,0
11500.jpg,0
16628.jpg,0
100740.jpg,0
13706.jpg,0
101628.jpg,0
11417.jpg,0
17207.jpg,0
101239.jpg,0
16583.jpg,0
13141.jpg,0
12906.jpg,0
102665.jpg,0
19503.jpg,0
18073.jpg,0
12075.jpg,0
14892.jpg,0
101230.jpg,0
100662.jpg,0
17398.jpg,0
12608.jpg,0
1760.jpg,0
103194.jpg,0
102956.jpg,0
10461.jpg,0
1168.jpg,0
101809.jpg,0
1158.jpg,0
17390.jpg,0
13768.jpg,0
1478.jpg,0
12091.jpg,0
1337.jpg,0
19574.jpg,0
17416.jpg,0
18044.jpg,0
11900.jpg,0
101988.jpg,0
15236.jpg,0
100545.jpg,0
15606.jpg,0
101838.jpg,0
19995.jpg,0
12838.jpg,0
15271.jpg,0
101388.jpg,0
16386.jpg,0
10033.jpg,0
100990.jpg,0
14420.jpg,0
13990.jpg,0
12216.jpg,0
11989.jpg,0
100397.jpg,0
12687.jpg,0
16123.jpg,0
15996.jpg,0
14243.jpg,0
100366.jpg,0
11499.jpg,0
101065.jpg,0
12726.jpg,0
17649.jpg,0
15216.jpg,0
101046.jpg,0
1608.jpg,0
19433.jpg,0
12251.jpg,0
19476.jpg,0
102978.jpg,0
101700.jpg,0
14249.jpg,0
14327.jpg,0
14942.jpg,0
17056.jpg,0
12883.jpg,0
13445.jpg,0
102511.jpg,0
18250.jpg,0
100227.jpg,0
12513.jpg,0
10590.jpg,0
100798.jpg,0
100320.jpg,0
18678.jpg,0
101044.jpg,0
14259.jpg,0
13551.jpg,0
16496.jpg,0
103232.jpg,0
102775.jpg,0
13877.jpg,0
103109.jpg,0
102306.jpg,0
17785.jpg,0
18193.jpg,0
101557.jpg,0
100670.jpg,0
12580.jpg,0
1506.jpg,0
13487.jpg,0
101643.jpg,0
18074.jpg,0
16532.jpg,0
101496.jpg,0
100511.jpg,0
15615.jpg,0
14496.jpg,0
12537.jpg,0
17903.jpg,0
10251.jpg,0
13574.jpg,0
10026.jpg,0
1405.jpg,0
15009.jpg,0
11625.jpg,0
16625.jpg,0
17256.jpg,0
1361.jpg,0
1925.jpg,0
102800.jpg,0
17757.jpg,0
100725.jpg,0
13342.jpg,0
101850.jpg,0
102399.jpg,0
16082.jpg,0
13584.jpg,0
13703.jpg,0
102655.jpg,0
14736.jpg,0
14810.jpg,0
100364.jpg,0
101869.jpg,0
101453.jpg,0
12338.jpg,0
17759.jpg,0
14604.jpg,0
15525.jpg,0
13414.jpg,0
101908.jpg,0
19069.jpg,0
101212.jpg,0
12084.jpg,0
102074.jpg,0
100716.jpg,0
1291.jpg,0
14514.jpg,0
14032.jpg,0
15989.jpg,0
13944.jpg,0
10053.jpg,0
13761.jpg,0
101185.jpg,0
13968.jpg,0
101774.jpg,0
12292.jpg,0
18886.jpg,0
13970.jpg,0
12119.jpg,0
14536.jpg,0
16336.jpg,0
19625.jpg,0
102789.jpg,0
102449.jpg,0
102977.jpg,0
16274.jpg,0
100586.jpg,0
18523.jpg,0
16595.jpg,0
11722.jpg,0
15539.jpg,0
103191.jpg,0
13909.jpg,0
101375.jpg,0
17514.jpg,0
102201.jpg,0
15984.jpg,0
100843.jpg,0
10069.jpg,0
16602.jpg,0
102666.jpg,0
1774.jpg,0
12283.jpg,0
101247.jpg,0
102658.jpg,0
10018.jpg,0
18853.jpg,0
17692.jpg,0
1607.jpg,0
13138.jpg,0
19907.jpg,0
14840.jpg,0
14779.jpg,0
13606.jpg,0
11803.jpg,0
13252.jpg,0
100213.jpg,0
12831.jpg,0
18181.jpg,0
101045.jpg,0
14232.jpg,0
1844.jpg,0
11221.jpg,0
16142.jpg,0
102919.jpg,0
103090.jpg,0
103220.jpg,0
12495.jpg,0
16816.jpg,0
10800.jpg,0
10016.jpg,0
17405.jpg,0
101384.jpg,0
14740.jpg,0
16810.jpg,0
16372.jpg,0
101371.jpg,0
101405.jpg,0
13787.jpg,0
16365.jpg,0
18672.jpg,0
12343.jpg,0
18404.jpg,0
11115.jpg,0
100831.jpg,0
14407.jpg,0
101152.jpg,0
100291.jpg,0
101365.jpg,0
19258.jpg,0
17161.jpg,0
16664.jpg,0
11191.jpg,0
10317.jpg,0
17914.jpg,0
17920.jpg,0
101530.jpg,0
17697.jpg,0
14525.jpg,0
101683.jpg,0
15547.jpg,0
12249.jpg,0
102005.jpg,0
102578.jpg,0
16489.jpg,0
18158.jpg,0
16307.jpg,0
13446.jpg,0
10077.jpg,0
17803.jpg,0
13576.jpg,0
1840.jpg,0
19132.jpg,0
17548.jpg,0
10111.jpg,0
16422.jpg,0
101594.jpg,0
16870.jpg,0
18092.jpg,0
19722.jpg,0
16878.jpg,0
15049.jpg,0
1830.jpg,0
10300.jpg,0
17429.jpg,0
19016.jpg,0
17811.jpg,0
19058.jpg,0
17462.jpg,0
19005.jpg,0
17504.jpg,0
1362.jpg,0
100506.jpg,0
1111.jpg,0
10465.jpg,0
16154.jpg,0
100763.jpg,0
17712.jpg,0
15308.jpg,0
101918.jpg,0
100476.jpg,0
17027.jpg,0
10716.jpg,0
101654.jpg,0
14831.jpg,0
18532.jpg,0
13650.jpg,0
16591.jpg,0
18963.jpg,0
17523.jpg,0
102573.jpg,0
16439.jpg,0
11821.jpg,0
17928.jpg,0
10646.jpg,0
16941.jpg,0
101969.jpg,0
11639.jpg,0
14106.jpg,0
16696.jpg,0
19140.jpg,0
13889.jpg,0
19876.jpg,0
1556.jpg,0
10411.jpg,0
15426.jpg,0
13285.jpg,0
1825.jpg,0
18571.jpg,0
12474.jpg,0
19313.jpg,0
1339.jpg,0
15139.jpg,0
16499.jpg,0
101094.jpg,0
19883.jpg,0
15589.jpg,0
14382.jpg,0
10284.jpg,0
16164.jpg,0
100340.jpg,0
101440.jpg,0
101715.jpg,0
10746.jpg,0
18824.jpg,0
13521.jpg,0
16937.jpg,0
12686.jpg,0
17325.jpg,0
100842.jpg,0
155.jpg,0
11794.jpg,0
11556.jpg,0
16304.jpg,0
13850.jpg,0
17603.jpg,0
10790.jpg,0
10282.jpg,0
19719.jpg,0
100300.jpg,0
102065.jpg,0
19667.jpg,0
18416.jpg,0
11109.jpg,0
12489.jpg,0
1610.jpg,0
16193.jpg,0
100454.jpg,0
11951.jpg,0
19696.jpg,0
102123.jpg,0
1508.jpg,0
15012.jpg,0
13550.jpg,0
17598.jpg,0
102203.jpg,0
100222.jpg,0
19972.jpg,0
19493.jpg,0
19680.jpg,0
102966.jpg,0
11214.jpg,0
13670.jpg,0
18331.jpg,0
18237.jpg,0
12499.jpg,0
16773.jpg,0
103108.jpg,0
12891.jpg,0
14898.jpg,0
101258.jpg,0
10389.jpg,0
10507.jpg,0
12436.jpg,0
17106.jpg,0
102544.jpg,0
13760.jpg,0
18123.jpg,0
19613.jpg,0
10906.jpg,0
14980.jpg,0
12506.jpg,0
17090.jpg,0
13336.jpg,0
18379.jpg,0
12903.jpg,0
13255.jpg,0
10969.jpg,0
16222.jpg,0
19568.jpg,0
16191.jpg,0
100913.jpg,0
19194.jpg,0
14822.jpg,0
15690.jpg,0
17552.jpg,0
18952.jpg,0
15906.jpg,0
11976.jpg,0
16382.jpg,0
14673.jpg,0
15117.jpg,0
1722.jpg,0
100861.jpg,0
101464.jpg,0
11816.jpg,0
18060.jpg,0
13160.jpg,0
16536.jpg,0
18026.jpg,0
18370.jpg,0
1862.jpg,0
16727.jpg,0
186.jpg,0
102088.jpg,0
13955.jpg,0
16820.jpg,0
102228.jpg,0
1963.jpg,0
101648.jpg,0
100101.jpg,0
102810.jpg,0
19811.jpg,0
102749.jpg,0
103077.jpg,0
102289.jpg,0
1955.jpg,0
16420.jpg,0
100356.jpg,0
18959.jpg,0
101223.jpg,0
19599.jpg,0
1935.jpg,0
16121.jpg,0
15253.jpg,0
11321.jpg,0
19279.jpg,0
14361.jpg,0
11589.jpg,0
19643.jpg,0
17792.jpg,0
13109.jpg,0
11780.jpg,0
10331.jpg,0
13771.jpg,0
1444.jpg,0
100593.jpg,0
13270.jpg,0
11486.jpg,0
19348.jpg,0
14023.jpg,0
101493.jpg,0
16399.jpg,0
100264.jpg,0
10375.jpg,0
13757.jpg,0
1078.jpg,0
18840.jpg,0
1222.jpg,0
100175.jpg,1
12586.jpg,1
13507.jpg,1
13756.jpg,1
13103.jpg,1
12815.jpg,1
14697.jpg,1
101627.jpg,1
16699.jpg,1
14426.jpg,1
102076.jpg,1
101734.jpg,1
12938.jpg,1
100082.jpg,1
15123.jpg,1
14118.jpg,1
14065.jpg,1
1807.jpg,1
10316.jpg,1
17285.jpg,1
13907.jpg,1
13567.jpg,1
12368.jpg,1
1318.jpg,1
100111.jpg,1
100257.jpg,1
14287.jpg,1
18407.jpg,1
11356.jpg,1
18380.jpg,1
16525.jpg,1
10456.jpg,1
17660.jpg,1
16652.jpg,1
100352.jpg,1
1106.jpg,1
10395.jpg,1
15107.jpg,1
101685.jpg,1
11848.jpg,1
102996.jpg,1
15532.jpg,1
102176.jpg,1
13718.jpg,1
101341.jpg,1
14489.jpg,1
14626.jpg,1
19250.jpg,1
11285.jpg,1
12790.jpg,1
100807.jpg,1
18143.jpg,1
18652.jpg,1
14046.jpg,1
140.jpg,1
13539.jpg,1
18774.jpg,1
17450.jpg,1
14961.jpg,1
17754.jpg,1
18833.jpg,1
15114.jpg,1
18821.jpg,1
11103.jpg,1
11120.jpg,1
16621.jpg,1
15118.jpg,1
10785.jpg,1
18442.jpg,1
15884.jpg,1
11808.jpg,1
11871.jpg,1
101478.jpg,1
14988.jpg,1
19336.jpg,1
12826.jpg,1
19655.jpg,1
16106.jpg,1
13561.jpg,1
15348.jpg,1
101206.jpg,1
11770.jpg,1
12244.jpg,1
1931.jpg,1
101120.jpg,1
13829.jpg,1
100405.jpg,1
14959.jpg,1
10513.jpg,1
11009.jpg,1
102863.jpg,1
17946.jpg,1
102113.jpg,1
19875.jpg,1
11192.jpg,1
12148.jpg,1
14143.jpg,1
10958.jpg,1
1085.jpg,1
18198.jpg,1
102780.jpg,1
16779.jpg,1
14945.jpg,1
12675.jpg,1
18315.jpg,1
14460.jpg,1
1959.jpg,1
18282.jpg,1
15550.jpg,1
15866.jpg,1
13697.jpg,1
102431.jpg,1
100051.jpg,1
13251.jpg,1
18648.jpg,1
17385.jpg,1
12112.jpg,1
12692.jpg,1
14490.jpg,1
19917.jpg,1
100556.jpg,1
102063.jpg,1
19604.jpg,1
143.jpg,1
17114.jpg,1
103168.jpg,1
10985.jpg,1
16218.jpg,1
13519.jpg,1
17529.jpg,1
18437.jpg,1
14818.jpg,1
19161.jpg,1
16313.jpg,1
12386.jpg,1
19808.jpg,1
14968.jpg,1
12738.jpg,1
17624.jpg,1
11902.jpg,1
13613.jpg,1
10801.jpg,1
101669.jpg,1
101725.jpg,1
102871.jpg,1
17437.jpg,1
11870.jpg,1
1091.jpg,1
12785.jpg,1
19877.jpg,1
15080.jpg,1
14984.jpg,1
10477.jpg,1
1319.jpg,1
1779.jpg,1
18501.jpg,1
15907.jpg,1
14979.jpg,1
17829.jpg,1
12843.jpg,1
102369.jpg,1
19223.jpg,1
1900.jpg,1
12567.jpg,1
16181.jpg,1
10206.jpg,1
14880.jpg,1
14124.jpg,1
14360.jpg,1
17046.jpg,1
1886.jpg,1
1676.jpg,1
13575.jpg,1
102298.jpg,1
17131.jpg,1
18281.jpg,1
1462.jpg,1
100658.jpg,1
100104.jpg,1
18999.jpg,1
15277.jpg,1
1049.jpg,1
15419.jpg,1
12672.jpg,1
100068.jpg,1
19338.jpg,1
13514.jpg,1
100609.jpg,1
1423.jpg,1
100420.jpg,1
18288.jpg,1
101317.jpg,1
15554.jpg,1
1059.jpg,1
1847.jpg,1
10526.jpg,1
11215.jpg,1
100845.jpg,1
12083.jpg,1
18922.jpg,1
101545.jpg,1
17071.jpg,1
14605.jpg,1
11073.jpg,1
101647.jpg,1
101841.jpg,1
19317.jpg,1
100914.jpg,1
16682.jpg,1
103205.jpg,1
102812.jpg,1
13241.jpg,1
10989.jpg,1
100932.jpg,1
12346.jpg,1
101885.jpg,1
17725.jpg,1
13134.jpg,1
101862.jpg,1
11264.jpg,1
16966.jpg,1
19858.jpg,1
14894.jpg,1
10436.jpg,1
100434.jpg,1
1209.jpg,1
15032.jpg,1
15847.jpg,1
15954.jpg,1
18598.jpg,1
13170.jpg,1
19610.jpg,1
101644.jpg,1
17496.jpg,1
100085.jpg,1
14395.jpg,1
16492.jpg,1
14337.jpg,1
14253.jpg,1
17036.jpg,1
14830.jpg,1
12701.jpg,1
17361.jpg,1
10230.jpg,1
13315.jpg,1
10501.jpg,1
1103.jpg,1
13175.jpg,1
100091.jpg,1
19039.jpg,1
13952.jpg,1
19587.jpg,1
11544.jpg,1
15401.jpg,1
18580.jpg,1
11747.jpg,1
10780.jpg,1
10492.jpg,1
16857.jpg,1
18125.jpg,1
102934.jpg,1
17586.jpg,1
19065.jpg,1
16733.jpg,1
102059.jpg,1
19815.jpg,1
102912.jpg,1
11702.jpg,1
1359.jpg,1
15677.jpg,1
101429.jpg,1
10687.jpg,1
1186.jpg,1
16766.jpg,1
11563.jpg,1
14950.jpg,1
100483.jpg,1
18012.jpg,1
100774.jpg,1
103012.jpg,1
19308.jpg,1
17601.jpg,1
17716.jpg,1
15017.jpg,1
14214.jpg,1
12243.jpg,1
14053.jpg,1
10579.jpg,1
100251.jpg,1
16864.jpg,1
102362.jpg,1
10967.jpg,1
101439.jpg,1
103081.jpg,1
16100.jpg,1
19820.jpg,1
100286.jpg,1
19519.jpg,1
101339.jpg,1
19511.jpg,1
18334.jpg,1
13056.jpg,1
15734.jpg,1
13339.jpg,1
12679.jpg,1
16541.jpg,1
18203.jpg,1
14815.jpg,1
14523.jpg,1
15021.jpg,1
14444.jpg,1
1150.jpg,1
12934.jpg,1
100738.jpg,1
15050.jpg,1
12797.jpg,1
101334.jpg,1
17350.jpg,1
152.jpg,1
1534.jpg,1
14313.jpg,1
11843.jpg,1
1404.jpg,1
101580.jpg,1
18502.jpg,1
12203.jpg,1
12541.jpg,1
19878.jpg,1
100873.jpg,1
18473.jpg,1
11119.jpg,1
15142.jpg,1
10511.jpg,1
11712.jpg,1
11656.jpg,1
18545.jpg,1
14358.jpg,1
13480.jpg,1
13491.jpg,1
13901.jpg,1
10239.jpg,1
19734.jpg,1
11295.jpg,1
12869.jpg,1
14480.jpg,1
13653.jpg,1
14808.jpg,1
14664.jpg,1
16921.jpg,1
100127.jpg,1
1305.jpg,1
1754.jpg,1
10064.jpg,1
10938.jpg,1
12285.jpg,1
11865.jpg,1
101979.jpg,1
10998.jpg,1
102955.jpg,1
18757.jpg,1
17530.jpg,1
101836.jpg,1
102696.jpg,1
17581.jpg,1
17227.jpg,1
1237.jpg,1
100372.jpg,1
19300.jpg,1
100889.jpg,1
13438.jpg,1
13036.jpg,1
14699.jpg,1
16691.jpg,1
1431.jpg,1
15297.jpg,1
1851.jpg,1
1124.jpg,1
101936.jpg,1
16388.jpg,1
100897.jpg,1
17316.jpg,1
102329.jpg,1
17484.jpg,1
16204.jpg,1
100952.jpg,1
102588.jpg,1
10660.jpg,1
12529.jpg,1
17372.jpg,1
17690.jpg,1
101587.jpg,1
18226.jpg,1
17929.jpg,1
12380.jpg,1
102850.jpg,1
16524.jpg,1
11878.jpg,1
101569.jpg,1
19376.jpg,1
10494.jpg,1
100541.jpg,1
103124.jpg,1
1839.jpg,1
17644.jpg,1
17801.jpg,1
1146.jpg,1
11170.jpg,1
12596.jpg,1
14267.jpg,1
18091.jpg,1
18018.jpg,1
17014.jpg,1
18390.jpg,1
14705.jpg,1
12308.jpg,1
12242.jpg,1
14978.jpg,1
11867.jpg,1
15746.jpg,1
12135.jpg,1
1366.jpg,1
101032.jpg,1
12725.jpg,1
18662.jpg,1
1484.jpg,1
13402.jpg,1
100497.jpg,1
18200.jpg,1
17094.jpg,1
102294.jpg,1
100651.jpg,1
101524.jpg,1
17021.jpg,1
18639.jpg,1
15166.jpg,1
100886.jpg,1
17165.jpg,1
1571.jpg,1
19310.jpg,1
12194.jpg,1
15609.jpg,1
13828.jpg,1
101563.jpg,1
17786.jpg,1
10848.jpg,1
15564.jpg,1
102061.jpg,1
101983.jpg,1
19992.jpg,1
13062.jpg,1
102637.jpg,1
13503.jpg,1
10410.jpg,1
101931.jpg,1
13133.jpg,1
14157.jpg,1
100574.jpg,1
15851.jpg,1
102259.jpg,1
14468.jpg,1
103019.jpg,1
101903.jpg,1
136.jpg,1
100618.jpg,1
18461.jpg,1
100327.jpg,1
15692.jpg,1
101043.jpg,1
11829.jpg,1
103061.jpg,1
19548.jpg,1
102975.jpg,1
11289.jpg,1
1956.jpg,1
12756.jpg,1
100703.jpg,1
14341.jpg,1
16855.jpg,1
15841.jpg,1
102581.jpg,1
13638.jpg,1
15759.jpg,1
17147.jpg,1
18945.jpg,1
17575.jpg,1
100097.jpg,1
10528.jpg,1
17237.jpg,1
102343.jpg,1
17320.jpg,1
100620.jpg,1
14783.jpg,1
100747.jpg,1
13409.jpg,1
14554.jpg,1
10852.jpg,1
17735.jpg,1
102025.jpg,1
10243.jpg,1
10533.jpg,1
1730.jpg,1
102371.jpg,1
101989.jpg,1
17192.jpg,1
12959.jpg,1
16711.jpg,1
11764.jpg,1
10266.jpg,1
16899.jpg,1
18494.jpg,1
19090.jpg,1
19904.jpg,1
19106.jpg,1
16757.jpg,1
12190.jpg,1
15120.jpg,1
16405.jpg,1
100026.jpg,1
103235.jpg,1
15133.jpg,1
17913.jpg,1
102319.jpg,1
10379.jpg,1
18576.jpg,1
100165.jpg,1
15412.jpg,1
1475.jpg,1
12658.jpg,1
1736.jpg,1
16593.jpg,1
10724.jpg,1
16611.jpg,1
13488.jpg,1
11707.jpg,1
15224.jpg,1
14031.jpg,1
13179.jpg,1
17534.jpg,1
102907.jpg,1
13021.jpg,1
19147.jpg,1
19932.jpg,1
101452.jpg,1
19597.jpg,1
19301.jpg,1
11291.jpg,1
16219.jpg,1
18110.jpg,1
19749.jpg,1
12330.jpg,1
12870.jpg,1
12088.jpg,1
14851.jpg,1
13502.jpg,1
12931.jpg,1
15780.jpg,1
12136.jpg,1
103238.jpg,1
13547.jpg,1
11671.jpg,1
1764.jpg,1
101209.jpg,1
19096.jpg,1
11646.jpg,1
15687.jpg,1
103179.jpg,1
18008.jpg,1
12142.jpg,1
101760.jpg,1
15568.jpg,1
11670.jpg,1
16523.jpg,1
14459.jpg,1
100044.jpg,1
19931.jpg,1
100771.jpg,1
12772.jpg,1
100695.jpg,1
19269.jpg,1
18687.jpg,1
16558.jpg,1
101699.jpg,1
100493.jpg,1
1945.jpg,1
13857.jpg,1
100614.jpg,1
18977.jpg,1
101140.jpg,1
100125.jpg,1
10516.jpg,1
15284.jpg,1
13631.jpg,1
15265.jpg,1
10973.jpg,1
13343.jpg,1
15533.jpg,1
13344.jpg,1
12968.jpg,1
101528.jpg,1
11059.jpg,1
16167.jpg,1
1887.jpg,1
13073.jpg,1
11535.jpg,1
12688.jpg,1
12089.jpg,1
1699.jpg,1
10675.jpg,1
1616.jpg,1
100770.jpg,1
17941.jpg,1
17883.jpg,1
13977.jpg,1
10362.jpg,1
10139.jpg,1
12526.jpg,1
11425.jpg,1
1946.jpg,1
17099.jpg,1
13628.jpg,1
11872.jpg,1
14920.jpg,1
16965.jpg,1
1809.jpg,1
14563.jpg,1
17283.jpg,1
11480.jpg,1
10415.jpg,1
18669.jpg,1
15966.jpg,1
102590.jpg,1
100152.jpg,1
102205.jpg,1
102760.jpg,1
15791.jpg,1
17411.jpg,1
14035.jpg,1
11424.jpg,1
10399.jpg,1
16880.jpg,1
10918.jpg,1
1137.jpg,1
17977.jpg,1
15056.jpg,1
13884.jpg,1
1177.jpg,1
14923.jpg,1
11359.jpg,1
17215.jpg,1
19785.jpg,1
16692.jpg,1
11241.jpg,1
17740.jpg,1
100242.jpg,1
15523.jpg,1
16429.jpg,1
19812.jpg,1
17250.jpg,1
15874.jpg,1
16360.jpg,1
10542.jpg,1
10349.jpg,1
11402.jpg,1
100601.jpg,1
13350.jpg,1
19702.jpg,1
10683.jpg,1
10200.jpg,1
1655.jpg,1
10413.jpg,1
11142.jpg,1
14364.jpg,1
10773.jpg,1
15337.jpg,1
19852.jpg,1
14513.jpg,1
12444.jpg,1
100447.jpg,1
100010.jpg,1
13951.jpg,1
19520.jpg,1
14092.jpg,1
102710.jpg,1
14359.jpg,1
16660.jpg,1
103184.jpg,1
17864.jpg,1
101951.jpg,1
102726.jpg,1
17819.jpg,1
19810.jpg,1
102295.jpg,1
12729.jpg,1
1590.jpg,1
11947.jpg,1
101901.jpg,1
101890.jpg,1
15573.jpg,1
12349.jpg,1
11464.jpg,1
15792.jpg,1
100415.jpg,1
18947.jpg,1
12929.jpg,1
14326.jpg,1
100283.jpg,1
100006.jpg,1
13958.jpg,1
102628.jpg,1
102058.jpg,1
14562.jpg,1
102331.jpg,1
17656.jpg,1
15414.jpg,1
18298.jpg,1
17323.jpg,1
16872.jpg,1
14059.jpg,1
11648.jpg,1
16367.jpg,1
17304.jpg,1
102980.jpg,1
1653.jpg,1
101805.jpg,1
19991.jpg,1
19598.jpg,1
102753.jpg,1
16801.jpg,1
11470.jpg,1
19125.jpg,1
10149.jpg,1
1668.jpg,1
100196.jpg,1
17377.jpg,1
1172.jpg,1
1649.jpg,1
13307.jpg,1
17809.jpg,1
17139.jpg,1
101127.jpg,1
11426.jpg,1
11121.jpg,1
100757.jpg,1
19185.jpg,1
19644.jpg,1
13106.jpg,1
11407.jpg,1
101550.jpg,1
12040.jpg,1
102821.jpg,1
10308.jpg,1
17413.jpg,1
10481.jpg,1
102649.jpg,1
100351.jpg,1
13855.jpg,1
13202.jpg,1
11757.jpg,1
1273.jpg,1
19745.jpg,1
101831.jpg,1
18224.jpg,1
14532.jpg,1
1456.jpg,1
100622.jpg,1
16828.jpg,1
19705.jpg,1
103214.jpg,1
100408.jpg,1
14085.jpg,1
1375.jpg,1
14951.jpg,1
15443.jpg,1
100211.jpg,1
16705.jpg,1
100572.jpg,1
1363.jpg,1
14877.jpg,1
14700.jpg,1
10907.jpg,1
10396.jpg,1
15868.jpg,1
17862.jpg,1
102579.jpg,1
1274.jpg,1
11171.jpg,1
10803.jpg,1
10015.jpg,1
100071.jpg,1
100176.jpg,1
11957.jpg,1
14098.jpg,1
15679.jpg,1
101900.jpg,1
19998.jpg,1
15929.jpg,1
19650.jpg,1
1109.jpg,1
14256.jpg,1
11338.jpg,1
17528.jpg,1
18431.jpg,1
19353.jpg,1
16243.jpg,1
101837.jpg,1
16846.jpg,1
10310.jpg,1
10939.jpg,1
18083.jpg,1
18301.jpg,1
13486.jpg,1
101424.jpg,1
15642.jpg,1
101954.jpg,1
19146.jpg,1
102249.jpg,1
19528.jpg,1
100233.jpg,1
11055.jpg,1
101927.jpg,1
16508.jpg,1
101178.jpg,1
100900.jpg,1
12166.jpg,1
12460.jpg,1
16832.jpg,1
19555.jpg,1
16139.jpg,1
16111.jpg,1
19166.jpg,1
15418.jpg,1
11479.jpg,1
102870.jpg,1
17779.jpg,1
102418.jpg,1
10358.jpg,1
16376.jpg,1
13875.jpg,1
12740.jpg,1
12761.jpg,1
13067.jpg,1
18435.jpg,1
18730.jpg,1
13722.jpg,1
11365.jpg,1
19623.jpg,1
13042.jpg,1
1978.jpg,1
14564.jpg,1
18767.jpg,1
101324.jpg,1
102990.jpg,1
103212.jpg,1
16564.jpg,1
103181.jpg,1
16883.jpg,1
12278.jpg,1
10864.jpg,1
100829.jpg,1
10321.jpg,1
16967.jpg,1
102959.jpg,1
13216.jpg,1
15535.jpg,1
14874.jpg,1
102664.jpg,1
1834.jpg,1
100348.jpg,1
15052.jpg,1
11688.jpg,1
12204.jpg,1
176.jpg,1
1421.jpg,1
15125.jpg,1
11312.jpg,1
1108.jpg,1
10138.jpg,1
16799.jpg,1
100978.jpg,1
14843.jpg,1
11548.jpg,1
16369.jpg,1
10963.jpg,1
17796.jpg,1
15467.jpg,1
17158.jpg,1
11704.jpg,1
17800.jpg,1
11294.jpg,1
17095.jpg,1
11453.jpg,1
11130.jpg,1
19586.jpg,1
18016.jpg,1
15970.jpg,1
17583.jpg,1
10290.jpg,1
13405.jpg,1
102084.jpg,1
101297.jpg,1
17636.jpg,1
108.jpg,1
100386.jpg,1
1317.jpg,1
17378.jpg,1
1775.jpg,1
15191.jpg,1
102565.jpg,1
16826.jpg,1
12419.jpg,1
10462.jpg,1
12443.jpg,1
102281.jpg,1
13066.jpg,1
19036.jpg,1
19966.jpg,1
101922.jpg,1
13596.jpg,1
101689.jpg,1
17428.jpg,1
101990.jpg,1
11767.jpg,1
101019.jpg,1
101078.jpg,1
19191.jpg,1
100741.jpg,1
16311.jpg,1
14332.jpg,1
102598.jpg,1
1360.jpg,1
15176.jpg,1
15904.jpg,1
1853.jpg,1
13934.jpg,1
18101.jpg,1
10997.jpg,1
14918.jpg,1
17994.jpg,1
16500.jpg,1
100715.jpg,1
18505.jpg,1
1139.jpg,1
12521.jpg,1
16256.jpg,1
15159.jpg,1
102052.jpg,1
15913.jpg,1
12104.jpg,1
13917.jpg,1
15980.jpg,1
16294.jpg,1
101327.jpg,1
19454.jpg,1
1940.jpg,1
12289.jpg,1
101133.jpg,1
16572.jpg,1
100136.jpg,1
19390.jpg,1
10406.jpg,1
17485.jpg,1
10950.jpg,1
18641.jpg,1
11416.jpg,1
102376.jpg,1
100042.jpg,1
11398.jpg,1
18302.jpg,1
1658.jpg,1
16284.jpg,1
10329.jpg,1
13622.jpg,1
101461.jpg,1
10674.jpg,1
101159.jpg,1
15935.jpg,1
12006.jpg,1
14283.jpg,1
15150.jpg,1
16869.jpg,1
1545.jpg,1
15571.jpg,1
1412.jpg,1
14284.jpg,1
101946.jpg,1
10078.jpg,1
102551.jpg,1
15213.jpg,1
1771.jpg,1
18398.jpg,1
19323.jpg,1
1949.jpg,1
19278.jpg,1
100880.jpg,1
17440.jpg,1
12337.jpg,1
18440.jpg,1
101813.jpg,1
10851.jpg,1
100965.jpg,1
18458.jpg,1
102043.jpg,1
13428.jpg,1
1533.jpg,1
14636.jpg,1
16252.jpg,1
16037.jpg,1
16057.jpg,1
15622.jpg,1
19753.jpg,1
1062.jpg,1
15490.jpg,1
17766.jpg,1
17270.jpg,1
1541.jpg,1
14191.jpg,1
15227.jpg,1
11457.jpg,1
1344.jpg,1
101055.jpg,1
100848.jpg,1
11309.jpg,1
17146.jpg,1
102185.jpg,1
100597.jpg,1
14913.jpg,1
10704.jpg,1
101048.jpg,1
1525.jpg,1
10123.jpg,1
100275.jpg,1
10877.jpg,1
12478.jpg,1
1263.jpg,1
103186.jpg,1
10367.jpg,1
19424.jpg,1
100013.jpg,1
15099.jpg,1
13115.jpg,1
15036.jpg,1
102338.jpg,1
15827.jpg,1
15487.jpg,1
100865.jpg,1
18323.jpg,1
101822.jpg,1
15010.jpg,1
14161.jpg,1
101852.jpg,1
12363.jpg,1
10607.jpg,1
102607.jpg,1
10060.jpg,1
12948.jpg,1
15594.jpg,1
17162.jpg,1
18434.jpg,1
100595.jpg,1
17668.jpg,1
10059.jpg,1
19028.jpg,1
14809.jpg,1
19822.jpg,1
13969.jpg,1
10765.jpg,1
100522.jpg,1
13868.jpg,1
13805.jpg,1
18225.jpg,1
19775.jpg,1
1391.jpg,1
102723.jpg,1
103118.jpg,1
19501.jpg,1
15054.jpg,1
13904.jpg,1
100632.jpg,1
10909.jpg,1
17805.jpg,1
14185.jpg,1
12808.jpg,1
18665.jpg,1
16742.jpg,1
100986.jpg,1
10297.jpg,1
16418.jpg,1
100724.jpg,1
14448.jpg,1
14104.jpg,1
13149.jpg,1
101144.jpg,1
15944.jpg,1
11276.jpg,1
13515.jpg,1
18829.jpg,1
13661.jpg,1
11694.jpg,1
18909.jpg,1
101056.jpg,1
16896.jpg,1
11368.jpg,1
15230.jpg,1
19468.jpg,1
16989.jpg,1
18415.jpg,1
100621.jpg,1
13035.jpg,1
17638.jpg,1
19615.jpg,1
17755.jpg,1
10450.jpg,1
18137.jpg,1
17797.jpg,1
16166.jpg,1
14576.jpg,1
13607.jpg,1
14545.jpg,1
18119.jpg,1
102938.jpg,1
101337.jpg,1
16723.jpg,1
12461.jpg,1
13912.jpg,1
100551.jpg,1
13747.jpg,1
11446.jpg,1
13999.jpg,1
14323.jpg,1
11222.jpg,1
11298.jpg,1
102445.jpg,1
1642.jpg,1
102469.jpg,1
102537.jpg,1
18793.jpg,1
11164.jpg,1
11988.jpg,1
13870.jpg,1
18896.jpg,1
15656.jpg,1
12825.jpg,1
17761.jpg,1
11219.jpg,1
17610.jpg,1
101894.jpg,1
101029.jpg,1
13333.jpg,1
19796.jpg,1
10434.jpg,1
13862.jpg,1
11724.jpg,1
15988.jpg,1
13145.jpg,1
10446.jpg,1
1036.jpg,1
14413.jpg,1
15269.jpg,1
12566.jpg,1
16562.jpg,1
15857.jpg,1
19741.jpg,1
10737.jpg,1
18936.jpg,1
16837.jpg,1
103126.jpg,1
19754.jpg,1
19381.jpg,1
102484.jpg,1
100318.jpg,1
18552.jpg,1
13945.jpg,1
12741.jpg,1
102526.jpg,1
14123.jpg,1
11158.jpg,1
101832.jpg,1
12854.jpg,1
103240.jpg,1
19942.jpg,1
102210.jpg,1
10021.jpg,1
13273.jpg,1
101270.jpg,1
102218.jpg,1
17280.jpg,1
13902.jpg,1
10020.jpg,1
16017.jpg,1
17995.jpg,1
16590.jpg,1
11791.jpg,1
103156.jpg,1
100696.jpg,1
101298.jpg,1
10269.jpg,1
14163.jpg,1
18925.jpg,1
14176.jpg,1
10809.jpg,1
18961.jpg,1
10865.jpg,1
19120.jpg,1
14829.jpg,1
10168.jpg,1
11413.jpg,1
10091.jpg,1
17246.jpg,1
101540.jpg,1
15248.jpg,1
17866.jpg,1
103071.jpg,1
101463.jpg,1
16275.jpg,1
11668.jpg,1
102575.jpg,1
16374.jpg,1
102226.jpg,1
10947.jpg,1
102198.jpg,1
16244.jpg,1
102253.jpg,1
15116.jpg,1
12496.jpg,1
13287.jpg,1
12220.jpg,1
18470.jpg,1
101522.jpg,1
18197.jpg,1
17616.jpg,1
102875.jpg,1
102699.jpg,1
100120.jpg,1
15900.jpg,1
16922.jpg,1
1782.jpg,1
102721.jpg,1
11153.jpg,1
103247.jpg,1
100307.jpg,1
19801.jpg,1
12168.jpg,1
17906.jpg,1
12988.jpg,1
19787.jpg,1
15300.jpg,1
11271.jpg,1
16034.jpg,1
101385.jpg,1
18794.jpg,1
102430.jpg,1
19690.jpg,1
102192.jpg,1
102489.jpg,1
100734.jpg,1
17974.jpg,1
16468.jpg,1
18924.jpg,1
16954.jpg,1
10343.jpg,1
1829.jpg,1
101049.jpg,1
12594.jpg,1
102234.jpg,1
102672.jpg,1
14703.jpg,1
17701.jpg,1
17451.jpg,1
102354.jpg,1
101883.jpg,1
17176.jpg,1
14573.jpg,1
13091.jpg,1
15327.jpg,1
10520.jpg,1
100736.jpg,1
14570.jpg,1
19739.jpg,1
19790.jpg,1
14089.jpg,1
18024.jpg,1
10353.jpg,1
15245.jpg,1
11074.jpg,1
11737.jpg,1
10837.jpg,1
11394.jpg,1
101476.jpg,1
14178.jpg,1
17281.jpg,1
11502.jpg,1
13030.jpg,1
16836.jpg,1
100311.jpg,1
14586.jpg,1
101956.jpg,1
13538.jpg,1
12227.jpg,1
11308.jpg,1
16581.jpg,1
102462.jpg,1
101383.jpg,1
10289.jpg,1
17622.jpg,1
15798.jpg,1
12618.jpg,1
17843.jpg,1
1188.jpg,1
11423.jpg,1
11029.jpg,1
15089.jpg,1
17327.jpg,1
12003.jpg,1
13321.jpg,1
18228.jpg,1
18736.jpg,1
1795.jpg,1
18320.jpg,1
16450.jpg,1
102540.jpg,1
10024.jpg,1
14816.jpg,1
11044.jpg,1
17298.jpg,1
11853.jpg,1
13728.jpg,1
103226.jpg,1
14248.jpg,1
10102.jpg,1
16734.jpg,1
102899.jpg,1
19905.jpg,1
1837.jpg,1
18381.jpg,1
10182.jpg,1
100535.jpg,1
102958.jpg,1
19861.jpg,1
11021.jpg,1
101470.jpg,1
100314.jpg,1
14487.jpg,1
11344.jpg,1
19795.jpg,1
17702.jpg,1
18410.jpg,1
11140.jpg,1
11966.jpg,1
103134.jpg,1
101143.jpg,1
16188.jpg,1
17511.jpg,1
10639.jpg,1
100550.jpg,1
14401.jpg,1
102694.jpg,1
16259.jpg,1
101866.jpg,1
18093.jpg,1
14127.jpg,1
1937.jpg,1
15743.jpg,1
13980.jpg,1
100081.jpg,1
18393.jpg,1
13155.jpg,1
19429.jpg,1
102691.jpg,1
11970.jpg,1
14244.jpg,1
1189.jpg,1
1180.jpg,1
14872.jpg,1
1055.jpg,1
12023.jpg,1
101788.jpg,1
17365.jpg,1
12579.jpg,1
17144.jpg,1
101099.jpg,1
11511.jpg,1
18048.jpg,1
17621.jpg,1
101312.jpg,1
16357.jpg,1
15632.jpg,1
17391.jpg,1
15455.jpg,1
100510.jpg,1
12350.jpg,1
18317.jpg,1
102168.jpg,1
11081.jpg,1
102905.jpg,1
12440.jpg,1
1861.jpg,1
16948.jpg,1
17646.jpg,1
102016.jpg,1
100702.jpg,1
17867.jpg,1
17357.jpg,1
16730.jpg,1
11701.jpg,1
1165.jpg,1
10115.jpg,1
100423.jpg,1
102869.jpg,1
11342.jpg,1
100639.jpg,1
12013.jpg,1
11550.jpg,1
19009.jpg,1
103225.jpg,1
14479.jpg,1
1092.jpg,1
19386.jpg,1
18937.jpg,1
14109.jpg,1
1750.jpg,1
100088.jpg,1
1636.jpg,1
14077.jpg,1
18759.jpg,1
101726.jpg,1
1595.jpg,1
10063.jpg,1
18464.jpg,1
10183.jpg,1
14803.jpg,1
14696.jpg,1
12765.jpg,1
12677.jpg,1
10797.jpg,1
15790.jpg,1
19569.jpg,1
17317.jpg,1
10330.jpg,1
15399.jpg,1
18787.jpg,1
17678.jpg,1
1118.jpg,1
18177.jpg,1
100183.jpg,1
100038.jpg,1
102417.jpg,1
16935.jpg,1
19668.jpg,1
11728.jpg,1
10185.jpg,1
16957.jpg,1
10649.jpg,1
11428.jpg,1
100560.jpg,1
102806.jpg,1
19591.jpg,1
18311.jpg,1
15891.jpg,1
10554.jpg,1
17426.jpg,1
13434.jpg,1
16065.jpg,1
18940.jpg,1
18275.jpg,1
14015.jpg,1
16047.jpg,1
17238.jpg,1
1258.jpg,1
14114.jpg,1
13679.jpg,1
11619.jpg,1
100805.jpg,1
101811.jpg,1
17857.jpg,1
19961.jpg,1
11496.jpg,1
102701.jpg,1
12697.jpg,1
11935.jpg,1
15602.jpg,1
18792.jpg,1
14819.jpg,1
1426.jpg,1
13080.jpg,1
18795.jpg,1
18969.jpg,1
101251.jpg,1
16024.jpg,1
103056.jpg,1
14499.jpg,1
18088.jpg,1
100031.jpg,1
19484.jpg,1
1171.jpg,1
1691.jpg,1
16856.jpg,1
12152.jpg,1
10771.jpg,1
11451.jpg,1
102940.jpg,1
101753.jpg,1
15957.jpg,1
10209.jpg,1
13093.jpg,1
11217.jpg,1
15345.jpg,1
100773.jpg,1
1588.jpg,1
13259.jpg,1
11361.jpg,1
19908.jpg,1
10248.jpg,1
19448.jpg,1
18344.jpg,1
1912.jpg,1
1814.jpg,1
101214.jpg,1
10073.jpg,1
100997.jpg,1
12111.jpg,1
14394.jpg,1
15958.jpg,1
14965.jpg,1
100530.jpg,1
17047.jpg,1
13568.jpg,1
15011.jpg,1
12980.jpg,1
15219.jpg,1
18744.jpg,1
101770.jpg,1
12145.jpg,1
101512.jpg,1
102963.jpg,1
16710.jpg,1
1948.jpg,1
19606.jpg,1
19578.jpg,1
1780.jpg,1
19743.jpg,1
100877.jpg,1
14463.jpg,1
16862.jpg,1
10927.jpg,1
101208.jpg,1
100230.jpg,1
101658.jpg,1
14206.jpg,1
13301.jpg,1
12699.jpg,1
15468.jpg,1
11225.jpg,1
10503.jpg,1
15289.jpg,1
17838.jpg,1
103033.jpg,1
15251.jpg,1
100661.jpg,1
11695.jpg,1
101072.jpg,1
103007.jpg,1
17919.jpg,1
16341.jpg,1
13656.jpg,1
17948.jpg,1
100324.jpg,1
19945.jpg,1
17490.jpg,1
10151.jpg,1
17816.jpg,1
1408.jpg,1
11086.jpg,1
15905.jpg,1
101401.jpg,1
102667.jpg,1
14777.jpg,1
10835.jpg,1
11404.jpg,1
10236.jpg,1
14159.jpg,1
102554.jpg,1
10555.jpg,1
13494.jpg,1
102866.jpg,1
15092.jpg,1
12860.jpg,1
102823.jpg,1
18258.jpg,1
101688.jpg,1
10628.jpg,1
102143.jpg,1
101582.jpg,1
19265.jpg,1
17243.jpg,1
19399.jpg,1
18513.jpg,1
1402.jpg,1
100432.jpg,1
19699.jpg,1
102561.jpg,1
16830.jpg,1
100600.jpg,1
16587.jpg,1
19834.jpg,1
17671.jpg,1
14813.jpg,1
102648.jpg,1
102782.jpg,1
13608.jpg,1
15246.jpg,1
10893.jpg,1
17051.jpg,1
100412.jpg,1
14763.jpg,1
101871.jpg,1
12705.jpg,1
100685.jpg,1
15429.jpg,1
18459.jpg,1
15201.jpg,1
103173.jpg,1
14869.jpg,1
106.jpg,1
19470.jpg,1
15812.jpg,1
18803.jpg,1
100234.jpg,1
100987.jpg,1
13637.jpg,1
10049.jpg,1
14864.jpg,1
16398.jpg,1
15717.jpg,1
19127.jpg,1
11326.jpg,1
16707.jpg,1
15855.jpg,1
17865.jpg,1
11133.jpg,1
100409.jpg,2
13770.jpg,2
12836.jpg,2
14833.jpg,2
102837.jpg,2
13512.jpg,2
12925.jpg,2
13017.jpg,2
18043.jpg,2
11328.jpg,2
1338.jpg,2
15059.jpg,2
103036.jpg,2
14948.jpg,2
17026.jpg,2
1128.jpg,2
15680.jpg,2
103005.jpg,2
15434.jpg,2
19910.jpg,2
15824.jpg,2
11651.jpg,2
18651.jpg,2
1659.jpg,2
15654.jpg,2
13922.jpg,2
16054.jpg,2
101112.jpg,2
17219.jpg,2
11233.jpg,2
13835.jpg,2
13280.jpg,2
1306.jpg,2
100445.jpg,2
1813.jpg,2
10235.jpg,2
101992.jpg,2
11933.jpg,2
11099.jpg,2
17043.jpg,2
100236.jpg,2
16416.jpg,2
18782.jpg,2
1923.jpg,2
14022.jpg,2
15386.jpg,2
12433.jpg,2
16661.jpg,2
12319.jpg,2
100739.jpg,2
16148.jpg,2
1210.jpg,2
14199.jpg,2
17952.jpg,2
10402.jpg,2
17042.jpg,2
101455.jpg,2
17932.jpg,2
18208.jpg,2
100388.jpg,2
101705.jpg,2
19405.jpg,2
12855.jpg,2
100719.jpg,2
10247.jpg,2
13947.jpg,2
13247.jpg,2
18128.jpg,2
16083.jpg,2
14462.jpg,2
102518.jpg,2
11147.jpg,2
100801.jpg,2
11095.jpg,2
102075.jpg,2
15562.jpg,2
13116.jpg,2
102602.jpg,2
102640.jpg,2
19672.jpg,2
18741.jpg,2
13620.jpg,2
17926.jpg,2
13910.jpg,2
12077.jpg,2
12979.jpg,2
14044.jpg,2
19251.jpg,2
18876.jpg,2
100619.jpg,2
10856.jpg,2
13776.jpg,2
19933.jpg,2
10110.jpg,2
100515.jpg,2
19281.jpg,2
102124.jpg,2
103135.jpg,2
103228.jpg,2
17453.jpg,2
102742.jpg,2
17635.jpg,2
19565.jpg,2
15739.jpg,2
13546.jpg,2
102486.jpg,2
102122.jpg,2
19018.jpg,2
16317.jpg,2
12996.jpg,2
12593.jpg,2
13392.jpg,2
10986.jpg,2
11257.jpg,2
102755.jpg,2
16452.jpg,2
11247.jpg,2
12975.jpg,2
1331.jpg,2
16630.jpg,2
11584.jpg,2
15569.jpg,2
14173.jpg,2
18426.jpg,2
10941.jpg,2
12.jpg,2
14682.jpg,2
1781.jpg,2
101720.jpg,2
10583.jpg,2
1471.jpg,2
12400.jpg,2
13441.jpg,2
16410.jpg,2
17354.jpg,2
100413.jpg,2
14512.jpg,2
13982.jpg,2
12927.jpg,2
18377.jpg,2
17924.jpg,2
12664.jpg,2
101012.jpg,2
10836.jpg,2
101541.jpg,2
1282.jpg,2
17331.jpg,2
17546.jpg,2
19283.jpg,2
102865.jpg,2
19144.jpg,2
16506.jpg,2
18690.jpg,2
100641.jpg,2
14441.jpg,2
19213.jpg,2
103223.jpg,2
18723.jpg,2
15588.jpg,2
15445.jpg,2
18663.jpg,2
12983.jpg,2
14684.jpg,2
100599.jpg,2
1272.jpg,2
13372.jpg,2
102317.jpg,2
102069.jpg,2
100429.jpg,2
15375.jpg,2
102268.jpg,2
12547.jpg,2
13940.jpg,2
1440.jpg,2
14741.jpg,2
19021.jpg,2
10056.jpg,2
11374.jpg,2
102465.jpg,2
13859.jpg,2
19196.jpg,2
1289.jpg,2
102090.jpg,2
11977.jpg,2
102826.jpg,2
1320.jpg,2
18901.jpg,2
10919.jpg,2
14300.jpg,2
16997.jpg,2
12722.jpg,2
16495.jpg,2
101500.jpg,2
102948.jpg,2
12994.jpg,2
14436.jpg,2
13220.jpg,2
16273.jpg,2
19948.jpg,2
101018.jpg,2
19692.jpg,2
13377.jpg,2
100304.jpg,2
14208.jpg,2
100106.jpg,2
15702.jpg,2
18754.jpg,2
14528.jpg,2
15631.jpg,2
15672.jpg,2
19866.jpg,2
100659.jpg,2
1255.jpg,2
14375.jpg,2
16545.jpg,2
11075.jpg,2
19136.jpg,2
13937.jpg,2
12835.jpg,2
102988.jpg,2
14456.jpg,2
103015.jpg,2
102416.jpg,2
18364.jpg,2
101180.jpg,2
1485.jpg,2
18326.jpg,2
11819.jpg,2
102572.jpg,2
19171.jpg,2
101893.jpg,2
16800.jpg,2
1313.jpg,2
102522.jpg,2
19117.jpg,2
11832.jpg,2
11150.jpg,2
101570.jpg,2
14362.jpg,2
12743.jpg,2
15704.jpg,2
15149.jpg,2
101713.jpg,2
16119.jpg,2
14990.jpg,2
102921.jpg,2
1406.jpg,2
101748.jpg,2
102741.jpg,2
101801.jpg,2
16720.jpg,2
11847.jpg,2
17640.jpg,2
100508.jpg,2
102083.jpg,2
100808.jpg,2
10250.jpg,2
12487.jpg,2
102472.jpg,2
11692.jpg,2
14782.jpg,2
19396.jpg,2
17404.jpg,2
198.jpg,2
101362.jpg,2
15834.jpg,2
101886.jpg,2
103248.jpg,2
14823.jpg,2
18155.jpg,2
14788.jpg,2
101124.jpg,2
10846.jpg,2
101619.jpg,2
10212.jpg,2
1309.jpg,2
18712.jpg,2
11360.jpg,2
15192.jpg,2
11658.jpg,2
102269.jpg,2
10561.jpg,2
17954.jpg,2
14069.jpg,2
16817.jpg,2
13533.jpg,2
16253.jpg,2
16136.jpg,2
102442.jpg,2
17060.jpg,2
1024.jpg,2
100698.jpg,2
13442.jpg,2
17311.jpg,2
12401.jpg,2
15135.jpg,2
17234.jpg,2
18330.jpg,2
16609.jpg,2
10635.jpg,2
102639.jpg,2
100478.jpg,2
15393.jpg,2
11706.jpg,2
103004.jpg,2
11364.jpg,2
11106.jpg,2
102235.jpg,2
11243.jpg,2
13003.jpg,2
101800.jpg,2
1447.jpg,2
11759.jpg,2
17663.jpg,2
12116.jpg,2
11603.jpg,2
1367.jpg,2
11406.jpg,2
10730.jpg,2
10623.jpg,2
15136.jpg,2
16000.jpg,2
17968.jpg,2
11709.jpg,2
10910.jpg,2
12171.jpg,2
102290.jpg,2
102262.jpg,2
18006.jpg,2
18262.jpg,2
100557.jpg,2
13477.jpg,2
13378.jpg,2
18920.jpg,2
19545.jpg,2
100814.jpg,2
14510.jpg,2
16704.jpg,2
19099.jpg,2
11598.jpg,2
102062.jpg,2
100498.jpg,2
18629.jpg,2
12377.jpg,2
10680.jpg,2
11669.jpg,2
12911.jpg,2
102132.jpg,2
10037.jpg,2
11091.jpg,2
102374.jpg,2
14245.jpg,2
14170.jpg,2
18890.jpg,2
102260.jpg,2
100482.jpg,2
16565.jpg,2
11117.jpg,2
12071.jpg,2
15689.jpg,2
101161.jpg,2
103208.jpg,2
102972.jpg,2
196.jpg,2
15331.jpg,2
13223.jpg,2
1257.jpg,2
17569.jpg,2
17957.jpg,2
101420.jpg,2
19432.jpg,2
100473.jpg,2
11962.jpg,2
14188.jpg,2
100377.jpg,2
11636.jpg,2
1352.jpg,2
17380.jpg,2
1469.jpg,2
1120.jpg,2
10897.jpg,2
19956.jpg,2
16599.jpg,2
13403.jpg,2
1099.jpg,2
15507.jpg,2
17011.jpg,2
11138.jpg,2
11697.jpg,2
15621.jpg,2
14357.jpg,2
1865.jpg,2
101727.jpg,2
19345.jpg,2
1276.jpg,2
18771.jpg,2
102651.jpg,2
1025.jpg,2
101265.jpg,2
19912.jpg,2
12050.jpg,2
1787.jpg,2
102548.jpg,2
18165.jpg,2
14852.jpg,2
10029.jpg,2
17193.jpg,2
18697.jpg,2
10484.jpg,2
18053.jpg,2
13548.jpg,2
16976.jpg,2
16612.jpg,2
102553.jpg,2
101854.jpg,2
17018.jpg,2
1507.jpg,2
19221.jpg,2
156.jpg,2
16419.jpg,2
102627.jpg,2
16282.jpg,2
12783.jpg,2
15153.jpg,2
100331.jpg,2
16865.jpg,2
1114.jpg,2
19505.jpg,2
16177.jpg,2
15655.jpg,2
16470.jpg,2
1816.jpg,2
11265.jpg,2
18455.jpg,2
17744.jpg,2
15877.jpg,2
100296.jpg,2
18346.jpg,2
100507.jpg,2
11096.jpg,2
102805.jpg,2
1480.jpg,2
16622.jpg,2
10103.jpg,2
101606.jpg,2
12942.jpg,2
18912.jpg,2
102840.jpg,2
15605.jpg,2
103000.jpg,2
19902.jpg,2
10186.jpg,2
19235.jpg,2
100903.jpg,2
102520.jpg,2
19349.jpg,2
17717.jpg,2
15652.jpg,2
15662.jpg,2
102556.jpg,2
10207.jpg,2
12101.jpg,2
101210.jpg,2
15355.jpg,2
11397.jpg,2
13894.jpg,2
16089.jpg,2
16877.jpg,2
1075.jpg,2
18980.jpg,2
15768.jpg,2
10691.jpg,2
102190.jpg,2
100700.jpg,2
16724.jpg,2
100926.jpg,2
1163.jpg,2
10644.jpg,2
102576.jpg,2
100937.jpg,2
10010.jpg,2
12873.jpg,2
101622.jpg,2
14914.jpg,2
102366.jpg,2
12517.jpg,2
15577.jpg,2
18230.jpg,2
14619.jpg,2
16134.jpg,2
14255.jpg,2
15111.jpg,2
100542.jpg,2
15880.jpg,2
18549.jpg,2
13079.jpg,2
18387.jpg,2
103043.jpg,2
15810.jpg,2
18949.jpg,2
16901.jpg,2
13028.jpg,2
15537.jpg,2
10905.jpg,2
14019.jpg,2
16069.jpg,2
102241.jpg,2
1094.jpg,2
1892.jpg,2
14551.jpg,2
13123.jpg,2
103016.jpg,2
11830.jpg,2
17375.jpg,2
101089.jpg,2
17852.jpg,2
12999.jpg,2
14070.jpg,2
101404.jpg,2
100680.jpg,2
16833.jpg,2
100768.jpg,2
17386.jpg,2
16683.jpg,2
101380.jpg,2
12151.jpg,2
19675.jpg,2
13201.jpg,2
17452.jpg,2
14581.jpg,2
17980.jpg,2
100566.jpg,2
102803.jpg,2
16573.jpg,2
10576.jpg,2
102716.jpg,2
100930.jpg,2
102394.jpg,2
15077.jpg,2
1674.jpg,2
16924.jpg,2
14565.jpg,2
103169.jpg,2
13379.jpg,2
19143.jpg,2
14471.jpg,2
11006.jpg,2
18553.jpg,2
102917.jpg,2
11599.jpg,2
18550.jpg,2
100292.jpg,2
103103.jpg,2
11750.jpg,2
17458.jpg,2
1666.jpg,2
1885.jpg,2
103119.jpg,2
101169.jpg,2
102274.jpg,2
11063.jpg,2
102161.jpg,2
15025.jpg,2
14955.jpg,2
12452.jpg,2
11175.jpg,2
19112.jpg,2
14546.jpg,2
14211.jpg,2
13370.jpg,2
16309.jpg,2
19333.jpg,2
13482.jpg,2
12859.jpg,2
100339.jpg,2
100370.jpg,2
11901.jpg,2
14827.jpg,2
11568.jpg,2
19661.jpg,2
12678.jpg,2
1709.jpg,2
111.jpg,2
12117.jpg,2
101892.jpg,2
12167.jpg,2
16497.jpg,2
12364.jpg,2
12441.jpg,2
1041.jpg,2
10586.jpg,2
19397.jpg,2
14734.jpg,2
100648.jpg,2
17966.jpg,2
11930.jpg,2
17564.jpg,2
13010.jpg,2
18607.jpg,2
102612.jpg,2
13887.jpg,2
11332.jpg,2
18688.jpg,2
17367.jpg,2
12034.jpg,2
15844.jpg,2
14630.jpg,2
102973.jpg,2
1133.jpg,2
13677.jpg,2
102878.jpg,2
18287.jpg,2
102239.jpg,2
101560.jpg,2
100170.jpg,2
100329.jpg,2
102321.jpg,2
14424.jpg,2
102968.jpg,2
18864.jpg,2
1570.jpg,2
16195.jpg,2
17787.jpg,2
11313.jpg,2
101309.jpg,2
16387.jpg,2
14048.jpg,2
16393.jpg,2
13583.jpg,2
102549.jpg,2
12682.jpg,2
101629.jpg,2
18231.jpg,2
10309.jpg,2
14934.jpg,2
1811.jpg,2
18446.jpg,2
100751.jpg,2
101602.jpg,2
12512.jpg,2
12081.jpg,2
17922.jpg,2
14090.jpg,2
12318.jpg,2
18104.jpg,2
11600.jpg,2
19583.jpg,2
100346.jpg,2
14520.jpg,2
101431.jpg,2
19071.jpg,2
12476.jpg,2
14137.jpg,2
122.jpg,2
102535.jpg,2
11571.jpg,2
18510.jpg,2
19205.jpg,2
102264.jpg,2
16194.jpg,2
15526.jpg,2
15208.jpg,2
12208.jpg,2
14207.jpg,2
102288.jpg,2
102149.jpg,2
15684.jpg,2
17073.jpg,2
17882.jpg,2
11775.jpg,2
15066.jpg,2
19774.jpg,2
14834.jpg,2
10899.jpg,2
13490.jpg,2
16841.jpg,2
102925.jpg,2
11043.jpg,2
14182.jpg,2
14339.jpg,2
19239.jpg,2
14497.jpg,2
13152.jpg,2
10013.jpg,2
16882.jpg,2
17688.jpg,2
16674.jpg,2
19530.jpg,2
11800.jpg,2
1848.jpg,2
101083.jpg,2
101359.jpg,2
11459.jpg,2
15441.jpg,2
1000.jpg,2
102937.jpg,2
18894.jpg,2
17982.jpg,2
15977.jpg,2
10210.jpg,2
14334.jpg,2
100132.jpg,2
17685.jpg,2
100616.jpg,2
101818.jpg,2
10923.jpg,2
12981.jpg,2
1119.jpg,2
19207.jpg,2
13808.jpg,2
12800.jpg,2
16694.jpg,2
12186.jpg,2
16528.jpg,2
102744.jpg,2
1529.jpg,2
13636.jpg,2
102505.jpg,2
102180.jpg,2
101096.jpg,2
1766.jpg,2
13166.jpg,2
19192.jpg,2
100942.jpg,2
11841.jpg,2
13696.jpg,2
10582.jpg,2
16917.jpg,2
10763.jpg,2
17491.jpg,2
11524.jpg,2
11.jpg,2
17699.jpg,2
10258.jpg,2
10565.jpg,2
12606.jpg,2
14482.jpg,2
101090.jpg,2
100243.jpg,2
18887.jpg,2
100467.jpg,2
15527.jpg,2
18423.jpg,2
18127.jpg,2
14527.jpg,2
102653.jpg,2
19374.jpg,2
100957.jpg,2
101861.jpg,2
101459.jpg,2
102814.jpg,2
101081.jpg,2
11596.jpg,2
13767.jpg,2
1994.jpg,2
100879.jpg,2
13658.jpg,2
17292.jpg,2
16361.jpg,2
13461.jpg,2
1801.jpg,2
10972.jpg,2
19943.jpg,2
10314.jpg,2
102195.jpg,2
15144.jpg,2
1126.jpg,2
12008.jpg,2
17266.jpg,2
15786.jpg,2
10820.jpg,2
1717.jpg,2
11341.jpg,2
12477.jpg,2
17880.jpg,2
12577.jpg,2
11924.jpg,2
11920.jpg,2
12717.jpg,2
10145.jpg,2
101991.jpg,2
100173.jpg,2
102705.jpg,2
10682.jpg,2
19867.jpg,2
18057.jpg,2
19443.jpg,2
15630.jpg,2
18132.jpg,2
14029.jpg,2
16796.jpg,2
14234.jpg,2
10823.jpg,2
11510.jpg,2
19777.jpg,2
102023.jpg,2
14794.jpg,2
15328.jpg,2
102160.jpg,2
13825.jpg,2
19422.jpg,2
102220.jpg,2
13388.jpg,2
14186.jpg,2
15635.jpg,2
15298.jpg,2
101332.jpg,2
18948.jpg,2
19830.jpg,2
19656.jpg,2
10229.jpg,2
102432.jpg,2
18934.jpg,2
100281.jpg,2
101968.jpg,2
100123.jpg,2
17733.jpg,2
13780.jpg,2
14685.jpg,2
16231.jpg,2
14388.jpg,2
100605.jpg,2
19150.jpg,2
100995.jpg,2
101287.jpg,2
1614.jpg,2
102375.jpg,2
15113.jpg,2
1598.jpg,2
12307.jpg,2
1967.jpg,2
15498.jpg,2
11608.jpg,2
17058.jpg,2
15800.jpg,2
19988.jpg,2
18391.jpg,2
19398.jpg,2
18599.jpg,2
10711.jpg,2
1746.jpg,2
19614.jpg,2
18206.jpg,2
19921.jpg,2
13504.jpg,2
11792.jpg,2
16283.jpg,2
10782.jpg,2
14433.jpg,2
13097.jpg,2
13895.jpg,2
13763.jpg,2
102566.jpg,2
18028.jpg,2
17423.jpg,2
11905.jpg,2
18085.jpg,2
11208.jpg,2
17950.jpg,2
1695.jpg,2
15186.jpg,2
19414.jpg,2
13746.jpg,2
14238.jpg,2
18637.jpg,2
12430.jpg,2
14004.jpg,2
17000.jpg,2
16268.jpg,2
18304.jpg,2
13621.jpg,2
10261.jpg,2
113.jpg,2
13221.jpg,2
102008.jpg,2
11216.jpg,2
19611.jpg,2
13819.jpg,2
13320.jpg,2
12309.jpg,2
15914.jpg,2
14338.jpg,2
11776.jpg,2
19104.jpg,2
101701.jpg,2
1018.jpg,2
18467.jpg,2
19379.jpg,2
10727.jpg,2
101255.jpg,2
14707.jpg,2
100863.jpg,2
1090.jpg,2
16981.jpg,2
18120.jpg,2
16019.jpg,2
11128.jpg,2
12501.jpg,2
15875.jpg,2
18998.jpg,2
12000.jpg,2
1243.jpg,2
101027.jpg,2
100060.jpg,2
14674.jpg,2
17893.jpg,2
1037.jpg,2
101.jpg,2
100690.jpg,2
1710.jpg,2
100955.jpg,2
102896.jpg,2
101925.jpg,2
15986.jpg,2
13936.jpg,2
102135.jpg,2
1670.jpg,2
12437.jpg,2
102533.jpg,2
1472.jpg,2
15305.jpg,2
15967.jpg,2
100611.jpg,2
103064.jpg,2
18962.jpg,2
101747.jpg,2
102476.jpg,2
18713.jpg,2
101949.jpg,2
1196.jpg,2
13678.jpg,2
10039.jpg,2
14014.jpg,2
19802.jpg,2
13391.jpg,2
18534.jpg,2
18746.jpg,2
17897.jpg,2
18939.jpg,2
14237.jpg,2
13424.jpg,2
14210.jpg,2
101111.jpg,2
17112.jpg,2
100212.jpg,2
18027.jpg,2
15561.jpg,2
1673.jpg,2
17871.jpg,2
1910.jpg,2
14020.jpg,2
11260.jpg,2
18313.jpg,2
14469.jpg,2
100172.jpg,2
14954.jpg,2
100791.jpg,2
11539.jpg,2
16592.jpg,2
1033.jpg,2
15745.jpg,2
14355.jpg,2
100020.jpg,2
15464.jpg,2
17363.jpg,2
10307.jpg,2
10228.jpg,2
12898.jpg,2
15817.jpg,2
101845.jpg,2
12045.jpg,2
19219.jpg,2
17001.jpg,2
11306.jpg,2
14616.jpg,2
126.jpg,2
102844.jpg,2
11057.jpg,2
13932.jpg,2
19261.jpg,2
15102.jpg,2
12161.jpg,2
12749.jpg,2
15440.jpg,2
19537.jpg,2
10223.jpg,2
15364.jpg,2
19659.jpg,2
17544.jpg,2
10104.jpg,2
10596.jpg,2
15794.jpg,2
16745.jpg,2
100171.jpg,2
1983.jpg,2
19989.jpg,2
181.jpg,2
1463.jpg,2
11908.jpg,2
1468.jpg,2
11517.jpg,2
15349.jpg,2
100093.jpg,2
15667.jpg,2
13663.jpg,2
15765.jpg,2
19152.jpg,2
103021.jpg,2
17226.jpg,2
11932.jpg,2
13630.jpg,2
17597.jpg,2
101639.jpg,2
17947.jpg,2
19452.jpg,2
12647.jpg,2
19868.jpg,2
15094.jpg,2
12884.jpg,2
1016.jpg,2
14508.jpg,2
100385.jpg,2
100561.jpg,2
14310.jpg,2
101751.jpg,2
18068.jpg,2
100866.jpg,2
103234.jpg,2
1826.jpg,2
12336.jpg,2
16544.jpg,2
17670.jpg,2
14582.jpg,2
19938.jpg,2
1567.jpg,2
17944.jpg,2
10916.jpg,2
17780.jpg,2
14198.jpg,2
14873.jpg,2
100650.jpg,2
14729.jpg,2
14414.jpg,2
101062.jpg,2
10079.jpg,2
1914.jpg,2
12680.jpg,2
19679.jpg,2
16210.jpg,2
10584.jpg,2
100519.jpg,2
101473.jpg,2
13304.jpg,2
19882.jpg,2
19848.jpg,2
19723.jpg,2
10787.jpg,2
16866.jpg,2
102680.jpg,2
103221.jpg,2
17241.jpg,2
1788.jpg,2
100355.jpg,2
13281.jpg,2
13265.jpg,2
102580.jpg,2
100360.jpg,2
17346.jpg,2
11897.jpg,2
12397.jpg,2
12816.jpg,2
16482.jpg,2
18875.jpg,2
11641.jpg,2
10758.jpg,2
14343.jpg,2
103146.jpg,2
14390.jpg,2
102611.jpg,2
101876.jpg,2
1881.jpg,2
15861.jpg,2
10086.jpg,2
12634.jpg,2
13626.jpg,2
1445.jpg,2
11845.jpg,2
18116.jpg,2
12125.jpg,2
100846.jpg,2
10460.jpg,2
15268.jpg,2
100753.jpg,2
101511.jpg,2
10722.jpg,2
15584.jpg,2
1116.jpg,2
100991.jpg,2
19466.jpg,2
103167.jpg,2
1009.jpg,2
11414.jpg,2
102316.jpg,2
13731.jpg,2
101806.jpg,2
100089.jpg,2
13114.jpg,2
18121.jpg,2
101849.jpg,2
18465.jpg,2
16999.jpg,2
16092.jpg,2
14387.jpg,2
100080.jpg,2
16310.jpg,2
16350.jpg,2
1591.jpg,2
1135.jpg,2
101068.jpg,2
18671.jpg,2
17510.jpg,2
19772.jpg,2
16090.jpg,2
1131.jpg,2
101649.jpg,2
12434.jpg,2
18251.jpg,2
110.jpg,2
10219.jpg,2
101620.jpg,2
15390.jpg,2
17116.jpg,2
16266.jpg,2
12759.jpg,2
15411.jpg,2
102166.jpg,2
10805.jpg,2
15796.jpg,2
102327.jpg,2
101839.jpg,2
100830.jpg,2
19189.jpg,2
17870.jpg,2
17288.jpg,2
1790.jpg,2
12267.jpg,2
11299.jpg,2
12671.jpg,2
103053.jpg,2
16174.jpg,2
100062.jpg,2
101406.jpg,2
18221.jpg,2
102278.jpg,2
102053.jpg,2
17600.jpg,2
17558.jpg,2
17628.jpg,2
17730.jpg,2
13110.jpg,2
15846.jpg,2
13431.jpg,2
18369.jpg,2
101978.jpg,2
14465.jpg,2
101242.jpg,2
12803.jpg,2
100929.jpg,2
102481.jpg,2
16068.jpg,2
102713.jpg,2
13219.jpg,2
164.jpg,2
16062.jpg,2
12170.jpg,2
12504.jpg,2
103045.jpg,2
102790.jpg,2
101897.jpg,2
19624.jpg,2
10371.jpg,2
1797.jpg,2
19240.jpg,2
12233.jpg,2
103218.jpg,2
19818.jpg,2
17049.jpg,2
14223.jpg,2
103137.jpg,2
15779.jpg,2
14796.jpg,2
101574.jpg,2
14043.jpg,2
13225.jpg,2
1625.jpg,2
101417.jpg,2
17615.jpg,2
12470.jpg,2
16785.jpg,2
12362.jpg,2
1520.jpg,2
102939.jpg,2
100552.jpg,2
101495.jpg,2
17563.jpg,2
13462.jpg,2
11323.jpg,2
10301.jpg,2
1501.jpg,2
101335.jpg,2
1211.jpg,2
102641.jpg,2
12693.jpg,2
11183.jpg,2
19550.jpg,2
101348.jpg,2
17427.jpg,2
102985.jpg,2
17278.jpg,2
101007.jpg,2
102785.jpg,2
17591.jpg,2
187.jpg,2
17961.jpg,2
16717.jpg,2
13317.jpg,2
17617.jpg,2
10322.jpg,2
16939.jpg,2
13979.jpg,2
15004.jpg,2
12096.jpg,2
13888.jpg,2
11545.jpg,2
11714.jpg,2
10553.jpg,2
17410.jpg,2
101804.jpg,2
1063.jpg,2
10552.jpg,2
11205.jpg,2
12559.jpg,2
16608.jpg,2
11654.jpg,2
103009.jpg,2
13384.jpg,2
19220.jpg,2
19622.jpg,2
11234.jpg,2
19666.jpg,2
102895.jpg,2
101994.jpg,2
12563.jpg,2
10744.jpg,2
18147.jpg,2
16613.jpg,2
16212.jpg,2
13634.jpg,2
15354.jpg,2
100800.jpg,2
14715.jpg,2
101943.jpg,2
16205.jpg,2
10267.jpg,2
14304.jpg,2
100982.jpg,2
102569.jpg,2
1271.jpg,2
19030.jpg,2
12639.jpg,2
15244.jpg,2
16199.jpg,2
17395.jpg,2
102604.jpg,2
101333.jpg,2
12218.jpg,2
16415.jpg,2
19437.jpg,2
10996.jpg,2
13681.jpg,2
101803.jpg,2
15069.jpg,2
10684.jpg,2
14075.jpg,2
12224.jpg,2
19330.jpg,2
100262.jpg,2
10355.jpg,2
17513.jpg,2
10476.jpg,2
17985.jpg,2
19380.jpg,2
10819.jpg,2
102104.jpg,2
16547.jpg,2
18659.jpg,2
18430.jpg,2
17493.jpg,2
18100.jpg,2
100891.jpg,2
100936.jpg,2
17340.jpg,2
100775.jpg,2
19968.jpg,2
14315.jpg,2
17606.jpg,2
102245.jpg,2
102725.jpg,2
11950.jpg,2
16185.jpg,2
100870.jpg,2
15462.jpg,2
16658.jpg,2
11752.jpg,2
1410.jpg,2
102998.jpg,2
100001.jpg,2
15465.jpg,2
18136.jpg,2
14752.jpg,2
19339.jpg,2
11521.jpg,2
13361.jpg,2
15522.jpg,2
100827.jpg,2
19087.jpg,2
17915.jpg,2
101944.jpg,2
1330.jpg,2
11498.jpg,2
17851.jpg,2
1576.jpg,2
1517.jpg,2
11184.jpg,2
13353.jpg,2
13508.jpg,2
1957.jpg,2
12943.jpg,2
16362.jpg,2
16812.jpg,2
18566.jpg,2
19937.jpg,2
100414.jpg,2
15096.jpg,2
12754.jpg,2
19076.jpg,2
1476.jpg,2
18727.jpg,2
10472.jpg,2
1260.jpg,2
17127.jpg,2
17808.jpg,2
13192.jpg,2
15912.jpg,2
100634.jpg,2
16377.jpg,2
15678.jpg,2
101736.jpg,2
102409.jpg,2
1212.jpg,2
101716.jpg,2
101673.jpg,2
11756.jpg,2
1665.jpg,2
1043.jpg,2
15853.jpg,2
19419.jpg,2
16859.jpg,2
14750.jpg,2
12845.jpg,2
16772.jpg,2
100315.jpg,2
19237.jpg,2
101730.jpg,2
17336.jpg,2
100645.jpg,2
102282.jpg,2
11444.jpg,2
19052.jpg,2
100683.jpg,2
100475.jpg,2
100083.jpg,2
15162.jpg,2
100968.jpg,2
12262.jpg,2
19590.jpg,2
11248.jpg,2
19724.jpg,2
101555.jpg,2
16851.jpg,2
1503.jpg,2
11031.jpg,2
19857.jpg,2
10387.jpg,2
102126.jpg,2
12347.jpg,2
102636.jpg,2
10518.jpg,2
129.jpg,2
100441.jpg,2
17930.jpg,2
11089.jpg,2
103155.jpg,2
16217.jpg,2
1244.jpg,2
101402.jpg,2
17594.jpg,2
14846.jpg,2
12095.jpg,2
17369.jpg,2
102997.jpg,2
13924.jpg,2
12268.jpg,2
101783.jpg,2
14709.jpg,2
15665.jpg,2
19342.jpg,2
14585.jpg,2
197.jpg,2
10854.jpg,2
19054.jpg,2
1380.jpg,2
102983.jpg,2
17212.jpg,2
102887.jpg,2
101819.jpg,2
102527.jpg,2
17307.jpg,2
18055.jpg,2
14878.jpg,2
12844.jpg,2
1499.jpg,2
15031.jpg,2
11461.jpg,2
12456.jpg,2
18891.jpg,2
16401.jpg,2
12103.jpg,2
14184.jpg,2
1396.jpg,2
100145.jpg,2
10962.jpg,2
100471.jpg,2
11659.jpg,2
11372.jpg,2
12837.jpg,2
10129.jpg,2
101624.jpg,2
11396.jpg,2
19360.jpg,2
14168.jpg,2
119.jpg,2
12969.jpg,2
102888.jpg,2
1224.jpg,2
101488.jpg,2
19859.jpg,2
10101.jpg,2
103116.jpg,2
14812.jpg,2
15773.jpg,2
17557.jpg,2
14227.jpg,2
100209.jpg,2
12500.jpg,2
101272.jpg,2
103014.jpg,2
1818.jpg,2
19888.jpg,2
13750.jpg,2
19607.jpg,2
100350.jpg,2
17793.jpg,2
15826.jpg,2
13465.jpg,2
11532.jpg,2
13950.jpg,2
11253.jpg,2
12354.jpg,2
100540.jpg,2
1151.jpg,2
18202.jpg,2
12036.jpg,2
10879.jpg,2
19415.jpg,2
13425.jpg,2
103122.jpg,2
102102.jpg,2
13535.jpg,2
12459.jpg,2
1098.jpg,2
100529.jpg,2
18551.jpg,2
16690.jpg,2
11674.jpg,2
18152.jpg,2
1721.jpg,2
18406.jpg,2
17878.jpg,2
13649.jpg,2
11690.jpg,2
18163.jpg,2
1903.jpg,2
18863.jpg,2
16871.jpg,2
100480.jpg,2
101448.jpg,2
14592.jpg,2
15713.jpg,2
102506.jpg,2
12271.jpg,2
14668.jpg,2
18762.jpg,2
11015.jpg,2
101491.jpg,2
11713.jpg,2
102756.jpg,2
19365.jpg,2
18449.jpg,2
10756.jpg,2
101396.jpg,2
100072.jpg,2
17518.jpg,2
10661.jpg,2
17223.jpg,2
100945.jpg,2
102117.jpg,2
15132.jpg,2
100383.jpg,2
16904.jpg,2
14658.jpg,2
11818.jpg,2
15463.jpg,2
18657.jpg,2
13086.jpg,2
101437.jpg,2
14975.jpg,2
10751.jpg,2
11187.jpg,2
13341.jpg,2
14688.jpg,2
10611.jpg,2
16579.jpg,2
12949.jpg,2
14274.jpg,2
100919.jpg,2
12455.jpg,2
17308.jpg,2
102355.jpg,2
100647.jpg,2
10421.jpg,2
102585.jpg,2
100030.jpg,2
134.jpg,2
10844.jpg,2
18049.jpg,2
17847.jpg,2
1996.jpg,2
18352.jpg,2
16093.jpg,2
12366.jpg,2
11986.jpg,2
13389.jpg,2
13726.jpg,2
13817.jpg,2
18210.jpg,2
1611.jpg,2
102404.jpg,2
1281.jpg,2
10933.jpg,2
11721.jpg,2
11466.jpg,2
14250.jpg,2
16959.jpg,2
102592.jpg,2
11169.jpg,2
16504.jpg,2
100182.jpg,2
15087.jpg,2
102106.jpg,2
14603.jpg,2
11242.jpg,2
18700.jpg,2
14901.jpg,2
15480.jpg,2
101546.jpg,2
14693.jpg,2
12958.jpg,2
15270.jpg,2
12494.jpg,2
10647.jpg,2
17271.jpg,2
14349.jpg,2
14836.jpg,2
12279.jpg,2
10487.jpg,2
100630.jpg,2
10815.jpg,2
14403.jpg,2
10257.jpg,2
11052.jpg,2
100066.jpg,2
100154.jpg,2
13180.jpg,2
18253.jpg,2
102668.jpg,2
15351.jpg,2
15222.jpg,2
14040.jpg,2
19217.jpg,2
12266.jpg,2
11857.jpg,2
11185.jpg,2
10761.jpg,2
100652.jpg,2
170.jpg,2
19773.jpg,2
16428.jpg,2
16078.jpg,2
13642.jpg,2
12995.jpg,2
18838.jpg,2
14028.jpg,2
101170.jpg,2
101264.jpg,2
101118.jpg,2
12668.jpg,2
13257.jpg,2
18268.jpg,2
102914.jpg,2
102138.jpg,2
102842.jpg,2
17100.jpg,2
14789.jpg,2
17474.jpg,2
11938.jpg,2
10344.jpg,2
17562.jpg,2
1409.jpg,2
1269.jpg,2
13055.jpg,3
100985.jpg,3
100915.jpg,3
16950.jpg,3
15146.jpg,3
18680.jpg,3
15061.jpg,3
15422.jpg,3
102848.jpg,3
12624.jpg,3
15845.jpg,3
14381.jpg,3
19445.jpg,3
1952.jpg,3
101449.jpg,3
100404.jpg,3
100250.jpg,3
1032.jpg,3
15190.jpg,3
11886.jpg,3
144.jpg,3
17122.jpg,3
101451.jpg,3
16712.jpg,3
101502.jpg,3
19850.jpg,3
10448.jpg,3
19813.jpg,3
16330.jpg,3
15741.jpg,3
11961.jpg,3
1891.jpg,3
16397.jpg,3
11537.jpg,3
10184.jpg,3
101692.jpg,3
17465.jpg,3
13994.jpg,3
10008.jpg,3
18482.jpg,3
11863.jpg,3
15793.jpg,3
18845.jpg,3
159.jpg,3
16215.jpg,3
14905.jpg,3
16473.jpg,3
11039.jpg,3
102751.jpg,3
18747.jpg,3
102873.jpg,3
11317.jpg,3
15137.jpg,3
16197.jpg,3
19075.jpg,3
13643.jpg,3
14787.jpg,3
12060.jpg,3
101355.jpg,3
12214.jpg,3
102093.jpg,3
100947.jpg,3
103196.jpg,3
101499.jpg,3
17824.jpg,3
10354.jpg,3
100159.jpg,3
10860.jpg,3
18166.jpg,3
19366.jpg,3
16214.jpg,3
10550.jpg,3
102390.jpg,3
102215.jpg,3
11726.jpg,3
102945.jpg,3
12565.jpg,3
10234.jpg,3
17892.jpg,3
101697.jpg,3
14378.jpg,3
1428.jpg,3
101366.jpg,3
13069.jpg,3
10455.jpg,3
16247.jpg,3
17408.jpg,3
13914.jpg,3
13346.jpg,3
17333.jpg,3
11196.jpg,3
16440.jpg,3
18927.jpg,3
102609.jpg,3
17244.jpg,3
1986.jpg,3
11014.jpg,3
13788.jpg,3
12344.jpg,3
14837.jpg,3
1060.jpg,3
101741.jpg,3
11913.jpg,3
10074.jpg,3
103028.jpg,3
19133.jpg,3
100953.jpg,3
15316.jpg,3
11557.jpg,3
15803.jpg,3
10571.jpg,3
13537.jpg,3
19231.jpg,3
11679.jpg,3
17771.jpg,3
17016.jpg,3
15933.jpg,3
15134.jpg,3
101759.jpg,3
16096.jpg,3
17630.jpg,3
101993.jpg,3
100113.jpg,3
102835.jpg,3
102079.jpg,3
11036.jpg,3
16970.jpg,3
16394.jpg,3
1397.jpg,3
101006.jpg,3
15956.jpg,3
13984.jpg,3
13557.jpg,3
10980.jpg,3
13629.jpg,3
10935.jpg,3
19286.jpg,3
101286.jpg,3
13786.jpg,3
15439.jpg,3
16140.jpg,3
100045.jpg,3
11189.jpg,3
101441.jpg,3
13083.jpg,3
13758.jpg,3
102953.jpg,3
10478.jpg,3
19664.jpg,3
19369.jpg,3
14135.jpg,3
1521.jpg,3
10351.jpg,3
11224.jpg,3
16553.jpg,3
19188.jpg,3
10669.jpg,3
13131.jpg,3
18504.jpg,3
101164.jpg,3
102360.jpg,3
17664.jpg,3
102979.jpg,3
16203.jpg,3
102097.jpg,3
11399.jpg,3
101679.jpg,3
15453.jpg,3
100280.jpg,3
18086.jpg,3
15598.jpg,3
101213.jpg,3
10721.jpg,3
12574.jpg,3
14659.jpg,3
16328.jpg,3
19881.jpg,3
15540.jpg,3
11718.jpg,3
19392.jpg,3
13893.jpg,3
14115.jpg,3
10736.jpg,3
10601.jpg,3
13188.jpg,3
10286.jpg,3
17554.jpg,3
16802.jpg,3
17366.jpg,3
13158.jpg,3
19471.jpg,3
101723.jpg,3
17486.jpg,3
12867.jpg,3
102783.jpg,3
12021.jpg,3
14389.jpg,3
18099.jpg,3
11050.jpg,3
11438.jpg,3
10468.jpg,3
16814.jpg,3
16125.jpg,3
100265.jpg,3
1214.jpg,3
19689.jpg,3
10319.jpg,3
1911.jpg,3
13794.jpg,3
13368.jpg,3
15911.jpg,3
17749.jpg,3
11465.jpg,3
10560.jpg,3
1097.jpg,3
17618.jpg,3
102822.jpg,3
10589.jpg,3
11490.jpg,3
16739.jpg,3
14009.jpg,3
16347.jpg,3
101947.jpg,3
11632.jpg,3
18187.jpg,3
18362.jpg,3
13963.jpg,3
19296.jpg,3
14569.jpg,3
13853.jpg,3
14902.jpg,3
17255.jpg,3
11730.jpg,3
15466.jpg,3
17804.jpg,3
18737.jpg,3
100638.jpg,3
14128.jpg,3
14087.jpg,3
19105.jpg,3
11256.jpg,3
14141.jpg,3
12113.jpg,3
101539.jpg,3
14727.jpg,3
11367.jpg,3
11740.jpg,3
102965.jpg,3
16380.jpg,3
13540.jpg,3
101847.jpg,3
17986.jpg,3
13869.jpg,3
11939.jpg,3
10966.jpg,3
19642.jpg,3
14200.jpg,3
103075.jpg,3
100538.jpg,3
11684.jpg,3
1310.jpg,3
16640.jpg,3
10017.jpg,3
19533.jpg,3
18443.jpg,3
16726.jpg,3
17431.jpg,3
13032.jpg,3
10240.jpg,3
12014.jpg,3
19894.jpg,3
13781.jpg,3
15886.jpg,3
120.jpg,3
11554.jpg,3
14145.jpg,3
1976.jpg,3
13953.jpg,3
1927.jpg,3
11434.jpg,3
11543.jpg,3
11330.jpg,3
10255.jpg,3
100400.jpg,3
12643.jpg,3
10686.jpg,3
12162.jpg,3
19032.jpg,3
10254.jpg,3
102092.jpg,3
15910.jpg,3
1482.jpg,3
18756.jpg,3
13483.jpg,3
11874.jpg,3
15309.jpg,3
102911.jpg,3
19636.jpg,3
18186.jpg,3
1942.jpg,3
11536.jpg,3
1.jpg,3
17180.jpg,3
102009.jpg,3
12157.jpg,3
10882.jpg,3
19115.jpg,3
16228.jpg,3
101342.jpg,3
12789.jpg,3
100629.jpg,3
18702.jpg,3
13308.jpg,3
11514.jpg,3
14771.jpg,3
14753.jpg,3
102976.jpg,3
102181.jpg,3
101505.jpg,3
10948.jpg,3
19792.jpg,3
18289.jpg,3
11054.jpg,3
17286.jpg,3
11501.jpg,3
1217.jpg,3
12899.jpg,3
11293.jpg,3
10272.jpg,3
12421.jpg,3
102429.jpg,3
101950.jpg,3
1734.jpg,3
18454.jpg,3
16039.jpg,3
15207.jpg,3
12986.jpg,3
102273.jpg,3
17430.jpg,3
12964.jpg,3
16059.jpg,3
13019.jpg,3
11611.jpg,3
11691.jpg,3
13005.jpg,3
13578.jpg,3
17506.jpg,3
1483.jpg,3
15872.jpg,3
1850.jpg,3
10302.jpg,3
102583.jpg,3
1497.jpg,3
100103.jpg,3
16325.jpg,3
10070.jpg,3
1624.jpg,3
1815.jpg,3
101769.jpg,3
11876.jpg,3
100674.jpg,3
13419.jpg,3
12270.jpg,3
13000.jpg,3
11837.jpg,3
1173.jpg,3
13142.jpg,3
14322.jpg,3
100401.jpg,3
18765.jpg,3
101549.jpg,3
13847.jpg,3
1473.jpg,3
16930.jpg,3
102363.jpg,3
101632.jpg,3
101345.jpg,3
102854.jpg,3
100328.jpg,3
14888.jpg,3
17170.jpg,3
11449.jpg,3
102994.jpg,3
103216.jpg,3
101559.jpg,3
15659.jpg,3
13332.jpg,3
1744.jpg,3
17291.jpg,3
1449.jpg,3
15885.jpg,3
12126.jpg,3
102745.jpg,3
17400.jpg,3
18468.jpg,3
17853.jpg,3
160.jpg,3
100654.jpg,3
18424.jpg,3
1081.jpg,3
16610.jpg,3
1066.jpg,3
19676.jpg,3
12395.jpg,3
11237.jpg,3
16224.jpg,3
17826.jpg,3
19703.jpg,3
13027.jpg,3
12990.jpg,3
11280.jpg,3
19621.jpg,3
16992.jpg,3
18578.jpg,3
12065.jpg,3
103095.jpg,3
100749.jpg,3
19061.jpg,3
101195.jpg,3
11118.jpg,3
1739.jpg,3
14095.jpg,3
19113.jpg,3
12178.jpg,3
10588.jpg,3
14271.jpg,3
18653.jpg,3
17002.jpg,3
10098.jpg,3
17284.jpg,3
100313.jpg,3
101776.jpg,3
10237.jpg,3
12654.jpg,3
14857.jpg,3
19256.jpg,3
14609.jpg,3
10430.jpg,3
14953.jpg,3
10256.jpg,3
14096.jpg,3
100584.jpg,3
101031.jpg,3
13125.jpg,3
14001.jpg,3
100797.jpg,3
19148.jpg,3
102383.jpg,3
15408.jpg,3
105.jpg,3
17898.jpg,3
19302.jpg,3
102236.jpg,3
13360.jpg,3
16320.jpg,3
19573.jpg,3
12522.jpg,3
10368.jpg,3
100398.jpg,3
100928.jpg,3
18292.jpg,3
100890.jpg,3
17489.jpg,3
12536.jpg,3
100944.jpg,3
17669.jpg,3
18065.jpg,3
17261.jpg,3
15921.jpg,3
10959.jpg,3
102558.jpg,3
1934.jpg,3
101696.jpg,3
18375.jpg,3
10600.jpg,3
19271.jpg,3
17589.jpg,3
16927.jpg,3
15871.jpg,3
16522.jpg,3
1543.jpg,3
13660.jpg,3
18820.jpg,3
10141.jpg,3
13687.jpg,3
1879.jpg,3
16423.jpg,3
14292.jpg,3
12636.jpg,3
15806.jpg,3
102804.jpg,3
10512.jpg,3
12438.jpg,3
1828.jpg,3
101551.jpg,3
16206.jpg,3
101533.jpg,3
12552.jpg,3
16641.jpg,3
11854.jpg,3
17696.jpg,3
13858.jpg,3
11471.jpg,3
10148.jpg,3
14601.jpg,3
102949.jpg,3
101773.jpg,3
1882.jpg,3
14747.jpg,3
10232.jpg,3
17764.jpg,3
16186.jpg,3
101721.jpg,3
12335.jpg,3
18496.jpg,3
14588.jpg,3
103060.jpg,3
19013.jpg,3
15048.jpg,3
102435.jpg,3
16344.jpg,3
1179.jpg,3
13399.jpg,3
11213.jpg,3
1238.jpg,3
11906.jpg,3
17483.jpg,3
13759.jpg,3
102635.jpg,3
13031.jpg,3
15496.jpg,3
10342.jpg,3
15420.jpg,3
17684.jpg,3
100239.jpg,3
17756.jpg,3
14638.jpg,3
101460.jpg,3
13796.jpg,3
19186.jpg,3
16129.jpg,3
10614.jpg,3
14160.jpg,3
101578.jpg,3
11890.jpg,3
12322.jpg,3
16051.jpg,3
11230.jpg,3
102275.jpg,3
17125.jpg,3
19727.jpg,3
102373.jpg,3
15028.jpg,3
14623.jpg,3
11846.jpg,3
18857.jpg,3
17053.jpg,3
100787.jpg,3
102600.jpg,3
18359.jpg,3
102908.jpg,3
15344.jpg,3
101154.jpg,3
19447.jpg,3
13215.jpg,3
18478.jpg,3
1479.jpg,3
100709.jpg,3
17110.jpg,3
15098.jpg,3
11132.jpg,3
101183.jpg,3
11689.jpg,3
101597.jpg,3
17381.jpg,3
19315.jpg,3
17642.jpg,3
18809.jpg,3
14651.jpg,3
102539.jpg,3
18000.jpg,3
100003.jpg,3
12535.jpg,3
18797.jpg,3
17923.jpg,3
17525.jpg,3
102358.jpg,3
1961.jpg,3
17422.jpg,3
12777.jpg,3
14781.jpg,3
12200.jpg,3
102660.jpg,3
12300.jpg,3
19378.jpg,3
15927.jpg,3
15612.jpg,3
11992.jpg,3
15272.jpg,3
14376.jpg,3
15352.jpg,3
16964.jpg,3
101300.jpg,3
102238.jpg,3
12092.jpg,3
101115.jpg,3
18045.jpg,3
10881.jpg,3
10632.jpg,3
10648.jpg,3
100023.jpg,3
100579.jpg,3
13433.jpg,3
10425.jpg,3
11058.jpg,3
13210.jpg,3
16938.jpg,3
12306.jpg,3
17911.jpg,3
17295.jpg,3
12422.jpg,3
12612.jpg,3
14047.jpg,3
13325.jpg,3
100717.jpg,3
16671.jpg,3
11203.jpg,3
12786.jpg,3
102969.jpg,3
100536.jpg,3
102772.jpg,3
18105.jpg,3
1741.jpg,3
17264.jpg,3
16269.jpg,3
10594.jpg,3
1929.jpg,3
102178.jpg,3
16366.jpg,3
10100.jpg,3
15783.jpg,3
101020.jpg,3
15438.jpg,3
101372.jpg,3
17334.jpg,3
15500.jpg,3
101939.jpg,3
12163.jpg,3
14061.jpg,3
101718.jpg,3
101977.jpg,3
16759.jpg,3
16081.jpg,3
19044.jpg,3
16756.jpg,3
10652.jpg,3
15669.jpg,3
19744.jpg,3
14915.jpg,3
102251.jpg,3
14252.jpg,3
19536.jpg,3
19759.jpg,3
15893.jpg,3
12881.jpg,3
18047.jpg,3
101702.jpg,3
1235.jpg,3
14257.jpg,3
100079.jpg,3
17839.jpg,3
19464.jpg,3
101426.jpg,3
1631.jpg,3
14072.jpg,3
18361.jpg,3
13597.jpg,3
13398.jpg,3
16589.jpg,3
14615.jpg,3
17015.jpg,3
12475.jpg,3
1435.jpg,3
10143.jpg,3
17998.jpg,3
15395.jpg,3
12710.jpg,3
18508.jpg,3
101868.jpg,3
17457.jpg,3
11653.jpg,3
17620.jpg,3
1669.jpg,3
1638.jpg,3
10363.jpg,3
100267.jpg,3
13271.jpg,3
15934.jpg,3
10373.jpg,3
100836.jpg,3
12659.jpg,3
14421.jpg,3
11125.jpg,3
16124.jpg,3
16113.jpg,3
15243.jpg,3
11622.jpg,3
10128.jpg,3
13191.jpg,3
100247.jpg,3
16013.jpg,3
1138.jpg,3
1008.jpg,3
13127.jpg,3
15920.jpg,3
101915.jpg,3
12334.jpg,3
14941.jpg,3
17345.jpg,3
101663.jpg,3
11960.jpg,3
18154.jpg,3
1581.jpg,3
102443.jpg,3
17342.jpg,3
19927.jpg,3
1522.jpg,3
100582.jpg,3
100133.jpg,3
17329.jpg,3
16192.jpg,3
14774.jpg,3
13283.jpg,3
101434.jpg,3
102508.jpg,3
101843.jpg,3
101640.jpg,3
18855.jpg,3
18623.jpg,3
16947.jpg,3
10253.jpg,3
16131.jpg,3
100585.jpg,3
102146.jpg,3
12581.jpg,3
16227.jpg,3
13536.jpg,3
16141.jpg,3
17937.jpg,3
1692.jpg,3
17818.jpg,3
102081.jpg,3
19255.jpg,3
19077.jpg,3
11405.jpg,3
103102.jpg,3
19385.jpg,3
17296.jpg,3
13791.jpg,3
19746.jpg,3
14865.jpg,3
14422.jpg,3
1122.jpg,3
102004.jpg,3
102070.jpg,3
100959.jpg,3
18990.jpg,3
11844.jpg,3
12698.jpg,3
18316.jpg,3
12582.jpg,3
15876.jpg,3
1267.jpg,3
17599.jpg,3
10480.jpg,3
100853.jpg,3
18966.jpg,3
16988.jpg,3
13331.jpg,3
14396.jpg,3
10541.jpg,3
101798.jpg,3
101293.jpg,3
16314.jpg,3
11122.jpg,3
10292.jpg,3
12556.jpg,3
15712.jpg,3
14037.jpg,3
100463.jpg,3
101484.jpg,3
18872.jpg,3
16084.jpg,3
10572.jpg,3
102872.jpg,3
12627.jpg,3
15105.jpg,3
12390.jpg,3
16566.jpg,3
101130.jpg,3
10975.jpg,3
102237.jpg,3
19491.jpg,3
103017.jpg,3
13348.jpg,3
13140.jpg,3
14062.jpg,3
100399.jpg,3
10808.jpg,3
17537.jpg,3
13542.jpg,3
17115.jpg,3
14431.jpg,3
14683.jpg,3
102479.jpg,3
14807.jpg,3
18462.jpg,3
101717.jpg,3
17828.jpg,3
102662.jpg,3
16736.jpg,3
1491.jpg,3
12657.jpg,3
16945.jpg,3
18923.jpg,3
18070.jpg,3
19898.jpg,3
100934.jpg,3
14817.jpg,3
18601.jpg,3
18537.jpg,3
15194.jpg,3
100276.jpg,3
16875.jpg,3
18439.jpg,3
13253.jpg,3
10723.jpg,3
100424.jpg,3
18469.jpg,3
10955.jpg,3
15976.jpg,3
1901.jpg,3
18383.jpg,3
100916.jpg,3
102652.jpg,3
19287.jpg,3
19364.jpg,3
102849.jpg,3
12992.jpg,3
19453.jpg,3
17568.jpg,3
100699.jpg,3
15141.jpg,3
102370.jpg,3
101039.jpg,3
12069.jpg,3
100922.jpg,3
12622.jpg,3
15170.jpg,3
15171.jpg,3
10491.jpg,3
17239.jpg,3
18172.jpg,3
11884.jpg,3
16485.jpg,3
12378.jpg,3
18491.jpg,3
17827.jpg,3
15356.jpg,3
18409.jpg,3
101430.jpg,3
12936.jpg,3
15131.jpg,3
12818.jpg,3
100911.jpg,3
14404.jpg,3
13534.jpg,3
10471.jpg,3
16888.jpg,3
100669.jpg,3
102605.jpg,3
15279.jpg,3
11377.jpg,3
13018.jpg,3
18394.jpg,3
13471.jpg,3
10082.jpg,3
13088.jpg,3
17931.jpg,3
10766.jpg,3
19327.jpg,3
13686.jpg,3
1719.jpg,3
12449.jpg,3
1701.jpg,3
12543.jpg,3
1715.jpg,3
100130.jpg,3
18832.jpg,3
10942.jpg,3
12296.jpg,3
11008.jpg,3
13244.jpg,3
12481.jpg,3
18731.jpg,3
100310.jpg,3
13314.jpg,3
17200.jpg,3
1129.jpg,3
102954.jpg,3
12540.jpg,3
10191.jpg,3
18259.jpg,3
16494.jpg,3
10707.jpg,3
17694.jpg,3
1745.jpg,3
1732.jpg,3
18636.jpg,3
102546.jpg,3
12623.jpg,3
10951.jpg,3
1500.jpg,3
101917.jpg,3
102517.jpg,3
14371.jpg,3
19097.jpg,3
18565.jpg,3
101344.jpg,3
1921.jpg,3
11634.jpg,3
13159.jpg,3
11612.jpg,3
13113.jpg,3
15548.jpg,3
10895.jpg,3
12617.jpg,3
11895.jpg,3
16145.jpg,3
10096.jpg,3
14922.jpg,3
1185.jpg,3
13289.jpg,3
14447.jpg,3
101650.jpg,3
10901.jpg,3
19549.jpg,3
101319.jpg,3
101614.jpg,3
16768.jpg,3
15267.jpg,3
10315.jpg,3
101642.jpg,3
103210.jpg,3
102046.jpg,3
102634.jpg,3
13430.jpg,3
101662.jpg,3
19750.jpg,3
13701.jpg,3
16808.jpg,3
102559.jpg,3
19928.jpg,3
100100.jpg,3
102695.jpg,3
14290.jpg,3
14600.jpg,3
13724.jpg,3
10264.jpg,3
16055.jpg,3
13176.jpg,3
100161.jpg,3
19232.jpg,3
12874.jpg,3
16644.jpg,3
100706.jpg,3
10566.jpg,3
15086.jpg,3
17822.jpg,3
101767.jpg,3
194.jpg,3
17003.jpg,3
102414.jpg,3
19088.jpg,3
14629.jpg,3
102184.jpg,3
18059.jpg,3
15557.jpg,3
16263.jpg,3
15755.jpg,3
18.jpg,3
1657.jpg,3
16448.jpg,3
101182.jpg,3
17567.jpg,3
1377.jpg,3
17580.jpg,3
15097.jpg,3
12410.jpg,3
12507.jpg,3
16633.jpg,3
17949.jpg,3
1989.jpg,3
15388.jpg,3
16094.jpg,3
18386.jpg,3
14981.jpg,3
13238.jpg,3
19020.jpg,3
14559.jpg,3
11032.jpg,3
10745.jpg,3
13051.jpg,3
101030.jpg,3
13264.jpg,3
100143.jpg,3
16241.jpg,3
101409.jpg,3
17030.jpg,3
12542.jpg,3
15067.jpg,3
16511.jpg,3
101608.jpg,3
13072.jpg,3
14935.jpg,3
101373.jpg,3
14856.jpg,3
17330.jpg,3
12644.jpg,3
102164.jpg,3
1477.jpg,3
17228.jpg,3
12894.jpg,3
19070.jpg,3
10303.jpg,3
12128.jpg,3
19732.jpg,3
10535.jpg,3
1530.jpg,3
19086.jpg,3
13450.jpg,3
12527.jpg,3
16363.jpg,3
13412.jpg,3
19393.jpg,3
102334.jpg,3
15583.jpg,3
18913.jpg,3
15433.jpg,3
16518.jpg,3
103203.jpg,3
100.jpg,3
10137.jpg,3
15614.jpg,3
13415.jpg,3
17782.jpg,3
1874.jpg,3
12042.jpg,3
10925.jpg,3
17464.jpg,3
1587.jpg,3
17260.jpg,3
18606.jpg,3
17476.jpg,3
12297.jpg,3
102010.jpg,3
102610.jpg,3
16281.jpg,3
16150.jpg,3
10164.jpg,3
17092.jpg,3
11199.jpg,3
17495.jpg,3
101972.jpg,3
101227.jpg,3
15363.jpg,3
10523.jpg,3
18785.jpg,3
13943.jpg,3
13467.jpg,3
100192.jpg,3
13074.jpg,3
12734.jpg,3
12805.jpg,3
18509.jpg,3
13684.jpg,3
11071.jpg,3
12780.jpg,3
14233.jpg,3
1390.jpg,3
101510.jpg,3
100794.jpg,3
19617.jpg,3
15296.jpg,3
11101.jpg,3
1300.jpg,3
1974.jpg,3
101220.jpg,3
11991.jpg,3
15304.jpg,3
103107.jpg,3
12406.jpg,3
100704.jpg,3
14314.jpg,3
17494.jpg,3
15051.jpg,3
19080.jpg,3
100950.jpg,3
15724.jpg,3
13588.jpg,3
10569.jpg,3
19814.jpg,3
17768.jpg,3
19078.jpg,3
14558.jpg,3
13048.jpg,3
14670.jpg,3
1279.jpg,3
13330.jpg,3
11395.jpg,3
16677.jpg,3
19817.jpg,3
10886.jpg,3
16797.jpg,3
1740.jpg,3
15860.jpg,3
16402.jpg,3
101920.jpg,3
16753.jpg,3
14221.jpg,3
10547.jpg,3
14158.jpg,3
102845.jpg,3
100887.jpg,3
102047.jpg,3
100660.jpg,3
19499.jpg,3
17232.jpg,3
12515.jpg,3
191.jpg,3
100380.jpg,3
102606.jpg,3
17956.jpg,3
14940.jpg,3
14958.jpg,3
10720.jpg,3
100148.jpg,3
10336.jpg,3
12177.jpg,3
17872.jpg,3
19863.jpg,3
11447.jpg,3
11952.jpg,3
12199.jpg,3
19827.jpg,3
19508.jpg,3
18619.jpg,3
102833.jpg,3
103097.jpg,3
15820.jpg,3
10205.jpg,3
102646.jpg,3
14681.jpg,3
17310.jpg,3
17637.jpg,3
19426.jpg,3
17520.jpg,3
101457.jpg,3
12232.jpg,3
100146.jpg,3
16918.jpg,3
16962.jpg,3
10630.jpg,3
13846.jpg,3
100494.jpg,3
101761.jpg,3
14607.jpg,3
14828.jpg,3
12875.jpg,3
15276.jpg,3
13260.jpg,3
12746.jpg,3
16321.jpg,3
13876.jpg,3
12467.jpg,3
10002.jpg,3
101353.jpg,3
17306.jpg,3
100565.jpg,3
18921.jpg,3
101698.jpg,3
14021.jpg,3
14017.jpg,3
10046.jpg,3
15313.jpg,3
1481.jpg,3
103139.jpg,3
18314.jpg,3
12794.jpg,3
1539.jpg,3
101235.jpg,3
19494.jpg,3
10244.jpg,3
100470.jpg,3
18827.jpg,3
101815.jpg,3
10664.jpg,3
10121.jpg,3
16285.jpg,3
19354.jpg,3
19842.jpg,3
1379.jpg,3
14440.jpg,3
18401.jpg,3
11894.jpg,3
16080.jpg,3
16607.jpg,3
101435.jpg,3
12832.jpg,3
15990.jpg,3
101097.jpg,3
10346.jpg,3
14710.jpg,3
101600.jpg,3
18372.jpg,3
16364.jpg,3
11573.jpg,3
100885.jpg,3
19657.jpg,3
13565.jpg,3
12351.jpg,3
14030.jpg,3
1667.jpg,3
15922.jpg,3
16557.jpg,3
13397.jpg,3
101248.jpg,3
15511.jpg,3
18277.jpg,3
100218.jpg,3
16519.jpg,3
101704.jpg,3
13162.jpg,3
102411.jpg,3
10818.jpg,3
1916.jpg,3
12642.jpg,3
12640.jpg,3
13717.jpg,3
10334.jpg,3
14775.jpg,3
18769.jpg,3
18336.jpg,3
102894.jpg,3
11027.jpg,3
100241.jpg,3
100298.jpg,3
17745.jpg,3
19742.jpg,3
19551.jpg,3
16456.jpg,3
18931.jpg,3
16509.jpg,3
102297.jpg,3
12442.jpg,3
103032.jpg,3
11586.jpg,3
13815.jpg,3
10830.jpg,3
15998.jpg,3
12651.jpg,3
100966.jpg,3
13738.jpg,3
12323.jpg,3
11382.jpg,3
11460.jpg,3
18755.jpg,3
15391.jpg,3
101432.jpg,3
102293.jpg,3
15475.jpg,3
101119.jpg,3
15882.jpg,3
103072.jpg,3
103193.jpg,3
17626.jpg,3
100084.jpg,3
16461.jpg,3
103114.jpg,3
101171.jpg,3
16117.jpg,3
17909.jpg,3
101668.jpg,3
1644.jpg,3
10431.jpg,3
14538.jpg,3
15442.jpg,3
19455.jpg,3
16743.jpg,3
13560.jpg,3
14618.jpg,3
101444.jpg,3
15367.jpg,3
102223.jpg,3
16551.jpg,3
1512.jpg,3
18705.jpg,3
15238.jpg,3
1369.jpg,3
17960.jpg,3
18194.jpg,3
17743.jpg,3
12048.jpg,3
19203.jpg,3
10514.jpg,3
13262.jpg,3
14193.jpg,3
13104.jpg,3
12978.jpg,3
13552.jpg,3
100206.jpg,3
10404.jpg,3
101581.jpg,3
101691.jpg,3
19618.jpg,3
102811.jpg,3
1633.jpg,3
12719.jpg,3
1635.jpg,3
100918.jpg,3
100274.jpg,3
103237.jpg,3
17079.jpg,3
14039.jpg,3
17420.jpg,3
16340.jpg,3
16443.jpg,3
102754.jpg,3
102018.jpg,3
11300.jpg,3
1970.jpg,3
12238.jpg,3
15711.jpg,3
13743.jpg,3
15483.jpg,3
15604.jpg,3
14346.jpg,3
101732.jpg,3
16895.jpg,3
102718.jpg,3
18308.jpg,3
102089.jpg,3
17509.jpg,3
12188.jpg,3
1453.jpg,3
18234.jpg,3
18993.jpg,3
19646.jpg,3
12868.jpg,3
100971.jpg,3
103199.jpg,3
10735.jpg,3
11516.jpg,3
11231.jpg,3
17421.jpg,3
18983.jpg,3
15797.jpg,3
18588.jpg,3
16971.jpg,3
17309.jpg,3
11390.jpg,3
101887.jpg,3
15347.jpg,3
15831.jpg,3
14992.jpg,3
19260.jpg,3
1415.jpg,3
15653.jpg,3
16667.jpg,3
1582.jpg,3
15553.jpg,3
18126.jpg,3
13274.jpg,3
11912.jpg,3
18559.jpg,3
15128.jpg,3
19654.jpg,3
100365.jpg,3
18061.jpg,3
11108.jpg,3
13464.jpg,3
16279.jpg,3
102243.jpg,3
15382.jpg,3
100902.jpg,3
18179.jpg,3
15600.jpg,3
17918.jpg,3
15626.jpg,3
11946.jpg,3
14606.jpg,3
13269.jpg,3
100496.jpg,3
101957.jpg,3
12029.jpg,3
18050.jpg,3
11038.jpg,3
15531.jpg,3
16043.jpg,3
1373.jpg,3
102501.jpg,3
19558.jpg,3
19828.jpg,3
15767.jpg,3
17519.jpg,3
16798.jpg,3
11630.jpg,3
100244.jpg,3
19387.jpg,3
10112.jpg,3
102162.jpg,3
17666.jpg,3
19602.jpg,3
14013.jpg,3
100458.jpg,3
17111.jpg,3
1455.jpg,3
102064.jpg,3
19504.jpg,3
16370.jpg,3
100615.jpg,3
15312.jpg,3
11866.jpg,3
101792.jpg,3
12812.jpg,3
18739.jpg,3
14534.jpg,3
18013.jpg,3
1004.jpg,3
15314.jpg,3
10849.jpg,3
19324.jpg,3
12290.jpg,3
18609.jpg,3
10734.jpg,3
18192.jpg,3
100017.jpg,3
15838.jpg,3
1249.jpg,3
17178.jpg,3
11251.jpg,3
12809.jpg,3
15273.jpg,3
101517.jpg,3
16861.jpg,3
17579.jpg,3
1132.jpg,3
16183.jpg,3
15361.jpg,3
13316.jpg,3
16358.jpg,3
12791.jpg,3
100547.jpg,3
11030.jpg,3
18031.jpg,3
19184.jpg,3
101302.jpg,3
14350.jpg,3
102300.jpg,3
19909.jpg,3
19108.jpg,3
100728.jpg,3
17813.jpg,3
11817.jpg,3
11588.jpg,3
19963.jpg,3
11283.jpg,3
10544.jpg,3
103070.jpg,3
11566.jpg,3
1071.jpg,3
18805.jpg,3
17434.jpg,3
12604.jpg,3
10603.jpg,3
14121.jpg,3
12411.jpg,3
17050.jpg,3
10992.jpg,3
15586.jpg,3
13582.jpg,3
18134.jpg,3
12332.jpg,3
102450.jpg,3
17392.jpg,3
14610.jpg,3
18854.jpg,3
14033.jpg,3
102441.jpg,3
100679.jpg,3
12916.jpg,3
101938.jpg,3
12446.jpg,3
10622.jpg,3
100117.jpg,3
1917.jpg,3
102151.jpg,3
100727.jpg,3
17667.jpg,3
13948.jpg,3
101477.jpg,3
17274.jpg,3
18584.jpg,3
12928.jpg,3
10593.jpg,3
12137.jpg,3
15819.jpg,3
11245.jpg,3
101038.jpg,3
18305.jpg,3
16472.jpg,3
12310.jpg,3
17738.jpg,3
10624.jpg,3
100214.jpg,3
101080.jpg,3
10369.jpg,3
14416.jpg,3
1166.jpg,3
18740.jpg,3
101596.jpg,3
13987.jpg,3
19046.jpg,3
12156.jpg,3
103211.jpg,3
100765.jpg,3
15785.jpg,3
16163.jpg,3
102952.jpg,3
101421.jpg,3
102100.jpg,3
16236.jpg,3
19507.jpg,3
100237.jpg,3
12852.jpg,3
12802.jpg,3
14929.jpg,3
17876.jpg,3
11765.jpg,3
19717.jpg,3
100905.jpg,3
14235.jpg,3
101781.jpg,3
14535.jpg,3
15022.jpg,3
18720.jpg,3
13143.jpg,3
17810.jpg,3
10866.jpg,3
15552.jpg,3
15781.jpg,3
16969.jpg,3
16898.jpg,3
11999.jpg,3
1908.jpg,3
11166.jpg,3
101381.jpg,3
11236.jpg,3
101087.jpg,3
11673.jpg,3
100226.jpg,3
12140.jpg,3
16343.jpg,3
101061.jpg,3
15801.jpg,3
101566.jpg,3
13393.jpg,3
100501.jpg,3
19788.jpg,3
11883.jpg,3
11268.jpg,3
19678.jpg,3
10433.jpg,3
101022.jpg,3
16502.jpg,3
18768.jpg,3
13230.jpg,3
16270.jpg,3
17356.jpg,3
12568.jpg,3
19.jpg,3
102267.jpg,3
10813.jpg,3
101711.jpg,3
12767.jpg,3
1308.jpg,3
10839.jpg,3
100140.jpg,3
100269.jpg,3
1714.jpg,4
101906.jpg,4
19488.jpg,4
146.jpg,4
10044.jpg,4
19159.jpg,4
15888.jpg,4
18441.jpg,4
16916.jpg,4
18973.jpg,4
100337.jpg,4
18955.jpg,4
19760.jpg,4
14000.jpg,4
102283.jpg,4
12739.jpg,4
10065.jpg,4
100319.jpg,4
16933.jpg,4
15628.jpg,4
100075.jpg,4
13598.jpg,4
11529.jpg,4
100067.jpg,4
13020.jpg,4
17163.jpg,4
13813.jpg,4
11137.jpg,4
11305.jpg,4
19572.jpg,4
19068.jpg,4
18644.jpg,4
19314.jpg,4
15959.jpg,4
12403.jpg,4
18577.jpg,4
1315.jpg,4
16338.jpg,4
14082.jpg,4
10469.jpg,4
10000.jpg,4
18575.jpg,4
18589.jpg,4
16335.jpg,4
17154.jpg,4
18587.jpg,4
13864.jpg,4
12601.jpg,4
102984.jpg,4
15770.jpg,4
1284.jpg,4
101588.jpg,4
11852.jpg,4
11152.jpg,4
17210.jpg,4
16156.jpg,4
16980.jpg,4
16931.jpg,4
19067.jpg,4
16127.jpg,4
11953.jpg,4
17275.jpg,4
13685.jpg,4
15624.jpg,4
17830.jpg,4
101082.jpg,4
19101.jpg,4
11784.jpg,4
13400.jpg,4
1678.jpg,4
16232.jpg,4
11576.jpg,4
100505.jpg,4
16305.jpg,4
19328.jpg,4
17868.jpg,4
100477.jpg,4
10824.jpg,4
15636.jpg,4
14464.jpg,4
15730.jpg,4
102147.jpg,4
11495.jpg,4
11232.jpg,4
103105.jpg,4
18355.jpg,4
13426.jpg,4
16260.jpg,4
11811.jpg,4
101731.jpg,4
11967.jpg,4
102217.jpg,4
101542.jpg,4
102422.jpg,4
101682.jpg,4
15947.jpg,4
17080.jpg,4
102625.jpg,4
17103.jpg,4
103029.jpg,4
102703.jpg,4
18296.jpg,4
102834.jpg,4
102989.jpg,4
101553.jpg,4
101033.jpg,4
13976.jpg,4
14151.jpg,4
102193.jpg,4
13669.jpg,4
19285.jpg,4
17297.jpg,4
12588.jpg,4
11956.jpg,4
1800.jpg,4
18899.jpg,4
103171.jpg,4
13261.jpg,4
17093.jpg,4
18910.jpg,4
17055.jpg,4
10107.jpg,4
18211.jpg,4
10932.jpg,4
16438.jpg,4
17454.jpg,4
13077.jpg,4
101532.jpg,4
1612.jpg,4
11157.jpg,4
17084.jpg,4
103141.jpg,4
12064.jpg,4
12933.jpg,4
13186.jpg,4
12164.jpg,4
14921.jpg,4
13941.jpg,4
11093.jpg,4
12503.jpg,4
14602.jpg,4
12185.jpg,4
14875.jpg,4
1516.jpg,4
18650.jpg,4
100688.jpg,4
102846.jpg,4
15318.jpg,4
100393.jpg,4
1998.jpg,4
19762.jpg,4
100667.jpg,4
14594.jpg,4
18989.jpg,4
11385.jpg,4
100850.jpg,4
19580.jpg,4
101486.jpg,4
10719.jpg,4
17220.jpg,4
11156.jpg,4
100537.jpg,4
102893.jpg,4
17151.jpg,4
10417.jpg,4
16732.jpg,4
1560.jpg,4
10099.jpg,4
101139.jpg,4
16778.jpg,4
12748.jpg,4
12645.jpg,4
16322.jpg,4
102932.jpg,4
16003.jpg,4
102216.jpg,4
11186.jpg,4
101746.jpg,4
102000.jpg,4
12305.jpg,4
101387.jpg,4
13532.jpg,4
17962.jpg,4
17156.jpg,4
19940.jpg,4
15849.jpg,4
13769.jpg,4
1685.jpg,4
102567.jpg,4
17499.jpg,4
17533.jpg,4
15026.jpg,4
14970.jpg,4
11263.jpg,4
19720.jpg,4
13517.jpg,4
19824.jpg,4
13234.jpg,4
14340.jpg,4
17108.jpg,4
18823.jpg,4
11035.jpg,4
1422.jpg,4
12038.jpg,4
1918.jpg,4
13978.jpg,4
19332.jpg,4
10119.jpg,4
1972.jpg,4
1718.jpg,4
1333.jpg,4
15747.jpg,4
14242.jpg,4
14006.jpg,4
10747.jpg,4
102426.jpg,4
19051.jpg,4
16049.jpg,4
14967.jpg,4
101680.jpg,4
11061.jpg,4
14056.jpg,4
14246.jpg,4
10506.jpg,4
16627.jpg,4
18780.jpg,4
17854.jpg,4
15202.jpg,4
18593.jpg,4
14162.jpg,4
18096.jpg,4
18201.jpg,4
16035.jpg,4
19427.jpg,4
15182.jpg,4
17031.jpg,4
10157.jpg,4
11078.jpg,4
101219.jpg,4
102487.jpg,4
15302.jpg,4
14209.jpg,4
1311.jpg,4
1969.jpg,4
13966.jpg,4
16919.jpg,4
11560.jpg,4
13356.jpg,4
1904.jpg,4
18299.jpg,4
12866.jpg,4
14318.jpg,4
14453.jpg,4
17623.jpg,4
100002.jpg,4
102480.jpg,4
18689.jpg,4
13243.jpg,4
18941.jpg,4
101193.jpg,4
10904.jpg,4
15385.jpg,4
102.jpg,4
10109.jpg,4
10545.jpg,4
13712.jpg,4
16853.jpg,4
15804.jpg,4
15748.jpg,4
15726.jpg,4
19206.jpg,4
14802.jpg,4
10671.jpg,4
19423.jpg,4
10350.jpg,4
103025.jpg,4
11244.jpg,4
15368.jpg,4
101200.jpg,4
18153.jpg,4
14202.jpg,4
18025.jpg,4
100525.jpg,4
1140.jpg,4
19592.jpg,4
11729.jpg,4
18677.jpg,4
19441.jpg,4
17063.jpg,4
102389.jpg,4
14748.jpg,4
14993.jpg,4
102889.jpg,4
19042.jpg,4
18935.jpg,4
102071.jpg,4
1622.jpg,4
1334.jpg,4
100223.jpg,4
16897.jpg,4
13795.jpg,4
11974.jpg,4
100229.jpg,4
11614.jpg,4
102711.jpg,4
16122.jpg,4
11139.jpg,4
10132.jpg,4
18341.jpg,4
101612.jpg,4
14895.jpg,4
13579.jpg,4
11429.jpg,4
16955.jpg,4
15394.jpg,4
12041.jpg,4
18414.jpg,4
10154.jpg,4
13421.jpg,4
10036.jpg,4
11877.jpg,4
18729.jpg,4
19514.jpg,4
100119.jpg,4
102961.jpg,4
102748.jpg,4
13927.jpg,4
10949.jpg,4
16914.jpg,4
17521.jpg,4
17459.jpg,4
18902.jpg,4
103229.jpg,4
19167.jpg,4
100500.jpg,4
18698.jpg,4
101556.jpg,4
10940.jpg,4
100258.jpg,4
15707.jpg,4
103187.jpg,4
101201.jpg,4
15198.jpg,4
19059.jpg,4
101745.jpg,4
18528.jpg,4
13282.jpg,4
1936.jpg,4
10001.jpg,4
13293.jpg,4
15963.jpg,4
14621.jpg,4
10175.jpg,4
10252.jpg,4
18816.jpg,4
11778.jpg,4
100134.jpg,4
100681.jpg,4
100943.jpg,4
16001.jpg,4
102257.jpg,4
15215.jpg,4
10023.jpg,4
15634.jpg,4
103180.jpg,4
18082.jpg,4
13489.jpg,4
102733.jpg,4
100417.jpg,4
10776.jpg,4
18283.jpg,4
15185.jpg,4
13373.jpg,4
101593.jpg,4
101710.jpg,4
14016.jpg,4
101799.jpg,4
18826.jpg,4
103078.jpg,4
19372.jpg,4
16324.jpg,4
17105.jpg,4
10999.jpg,4
1720.jpg,4
12293.jpg,4
12885.jpg,4
102500.jpg,4
13920.jpg,4
11123.jpg,4
15008.jpg,4
10163.jpg,4
1966.jpg,4
12560.jpg,4
19082.jpg,4
13496.jpg,4
102453.jpg,4
11917.jpg,4
100626.jpg,4
101896.jpg,4
15771.jpg,4
18480.jpg,4
102876.jpg,4
17313.jpg,4
101840.jpg,4
19527.jpg,4
17750.jpg,4
1372.jpg,4
13200.jpg,4
100208.jpg,4
19918.jpg,4
16578.jpg,4
101290.jpg,4
11888.jpg,4
15772.jpg,4
103185.jpg,4
19886.jpg,4
14353.jpg,4
101191.jpg,4
102957.jpg,4
10731.jpg,4
11922.jpg,4
19999.jpg,4
10218.jpg,4
102900.jpg,4
13153.jpg,4
101126.jpg,4
130.jpg,4
13120.jpg,4
192.jpg,4
14974.jpg,4
17199.jpg,4
17324.jpg,4
16289.jpg,4
17164.jpg,4
100554.jpg,4
14853.jpg,4
18476.jpg,4
16505.jpg,4
17703.jpg,4
17044.jpg,4
10784.jpg,4
11509.jpg,4
11564.jpg,4
15688.jpg,4
1201.jpg,4
1902.jpg,4
16594.jpg,4
100427.jpg,4
10502.jpg,4
100780.jpg,4
1875.jpg,4
14155.jpg,4
100840.jpg,4
1467.jpg,4
10920.jpg,4
13298.jpg,4
19486.jpg,4
18280.jpg,4
1738.jpg,4
102495.jpg,4
11067.jpg,4
17713.jpg,4
11274.jpg,4
1958.jpg,4
102461.jpg,4
17536.jpg,4
15023.jpg,4
13753.jpg,4
11825.jpg,4
101986.jpg,4
178.jpg,4
17497.jpg,4
17445.jpg,4
13839.jpg,4
100513.jpg,4
15776.jpg,4
18748.jpg,4
17218.jpg,4
10559.jpg,4
18758.jpg,4
12302.jpg,4
15719.jpg,4
14911.jpg,4
13751.jpg,4
18796.jpg,4
102339.jpg,4
11373.jpg,4
1617.jpg,4
1838.jpg,4
16570.jpg,4
18433.jpg,4
101360.jpg,4
15493.jpg,4
11047.jpg,4
1708.jpg,4
11761.jpg,4
15777.jpg,4
14277.jpg,4
12764.jpg,4
10283.jpg,4
101667.jpg,4
15083.jpg,4
12621.jpg,4
14051.jpg,4
11650.jpg,4
165.jpg,4
1270.jpg,4
14597.jpg,4
11955.jpg,4
14854.jpg,4
13212.jpg,4
12851.jpg,4
17719.jpg,4
17347.jpg,4
102847.jpg,4
101481.jpg,4
100228.jpg,4
11801.jpg,4
11082.jpg,4
13993.jpg,4
11278.jpg,4
16293.jpg,4
17253.jpg,4
14374.jpg,4
102340.jpg,4
1731.jpg,4
15151.jpg,4
18150.jpg,4
13472.jpg,4
100141.jpg,4
17593.jpg,4
101205.jpg,4
102286.jpg,4
17209.jpg,4
101103.jpg,4
101475.jpg,4
18438.jpg,4
100469.jpg,4
13967.jpg,4
14887.jpg,4
14832.jpg,4
13732.jpg,4
16234.jpg,4
10416.jpg,4
17201.jpg,4
10654.jpg,4
13838.jpg,4
19291.jpg,4
101913.jpg,4
19156.jpg,4
16258.jpg,4
11371.jpg,4
10117.jpg,4
13971.jpg,4
14129.jpg,4
100788.jpg,4
19197.jpg,4
18903.jpg,4
17990.jpg,4
18620.jpg,4
10397.jpg,4
101338.jpg,4
17951.jpg,4
101513.jpg,4
14708.jpg,4
1283.jpg,4
101198.jpg,4
1941.jpg,4
16137.jpg,4
19417.jpg,4
15029.jpg,4
12383.jpg,4
101398.jpg,4
102618.jpg,4
100335.jpg,4
11555.jpg,4
103062.jpg,4
100137.jpg,4
100744.jpg,4
16538.jpg,4
19608.jpg,4
13185.jpg,4
10568.jpg,4
103008.jpg,4
16255.jpg,4
1303.jpg,4
15068.jpg,4
13309.jpg,4
15232.jpg,4
15582.jpg,4
14662.jpg,4
18681.jpg,4
103147.jpg,4
102700.jpg,4
14278.jpg,4
14260.jpg,4
1550.jpg,4
101149.jpg,4
101494.jpg,4
12880.jpg,4
101816.jpg,4
101848.jpg,4
14720.jpg,4
10458.jpg,4
100047.jpg,4
102277.jpg,4
100016.jpg,4
13205.jpg,4
12839.jpg,4
14737.jpg,4
14103.jpg,4
1603.jpg,4
18266.jpg,4
14642.jpg,4
102037.jpg,4
1981.jpg,4
16706.jpg,4
100185.jpg,4
18019.jpg,4
17140.jpg,4
100786.jpg,4
102661.jpg,4
13288.jpg,4
1184.jpg,4
11662.jpg,4
19765.jpg,4
19487.jpg,4
10828.jpg,4
12463.jpg,4
1290.jpg,4
10697.jpg,4
18656.jpg,4
17142.jpg,4
12810.jpg,4
1548.jpg,4
18005.jpg,4
12960.jpg,4
12373.jpg,4
10612.jpg,4
12545.jpg,4
13499.jpg,4
16902.jpg,4
1205.jpg,4
12666.jpg,4
100958.jpg,4
10440.jpg,4
18067.jpg,4
19492.jpg,4
16585.jpg,4
101681.jpg,4
13851.jpg,4
199.jpg,4
101595.jpg,4
17153.jpg,4
16956.jpg,4
16552.jpg,4
13601.jpg,4
11335.jpg,4
102769.jpg,4
10829.jpg,4
103022.jpg,4
11856.jpg,4
10880.jpg,4
13011.jpg,4
11380.jpg,4
10366.jpg,4
18933.jpg,4
103096.jpg,4
16373.jpg,4
13744.jpg,4
100246.jpg,4
12356.jpg,4
10087.jpg,4
17128.jpg,4
14363.jpg,4
13903.jpg,4
10869.jpg,4
12776.jpg,4
101879.jpg,4
16184.jpg,4
11790.jpg,4
15894.jpg,4
14266.jpg,4
100819.jpg,4
16738.jpg,4
14452.jpg,4
100998.jpg,4
16103.jpg,4
14725.jpg,4
100057.jpg,4
14367.jpg,4
19135.jpg,4
15019.jpg,4
17507.jpg,4
1364.jpg,4
10696.jpg,4
18722.jpg,4
102981.jpg,4
13233.jpg,4
1029.jpg,4
17540.jpg,4
11448.jpg,4
103058.jpg,4
102344.jpg,4
102523.jpg,4
13651.jpg,4
14386.jpg,4
14641.jpg,4
14883.jpg,4
1268.jpg,4
18675.jpg,4
10007.jpg,4
11026.jpg,4
16651.jpg,4
14045.jpg,4
17032.jpg,4
103050.jpg,4
100387.jpg,4
15380.jpg,4
19737.jpg,4
15389.jpg,4
19322.jpg,4
15865.jpg,4
12599.jpg,4
17150.jpg,4
18199.jpg,4
12907.jpg,4
101427.jpg,4
12926.jpg,4
14083.jpg,4
100131.jpg,4
101350.jpg,4
13094.jpg,4
101410.jpg,4
19151.jpg,4
100297.jpg,4
12562.jpg,4
19556.jpg,4
13748.jpg,4
14634.jpg,4
19977.jpg,4
14270.jpg,4
16352.jpg,4
100099.jpg,4
16248.jpg,4
102798.jpg,4
102916.jpg,4
13195.jpg,4
1791.jpg,4
11582.jpg,4
12502.jpg,4
10165.jpg,4
101749.jpg,4
14575.jpg,4
10546.jpg,4
102361.jpg,4
14088.jpg,4
14995.jpg,4
100973.jpg,4
103241.jpg,4
100344.jpg,4
101363.jpg,4
14879.jpg,4
17565.jpg,4
10796.jpg,4
12031.jpg,4
102380.jpg,4
19084.jpg,4
102763.jpg,4
11494.jpg,4
101856.jpg,4
11409.jpg,4
13258.jpg,4
101684.jpg,4
100294.jpg,4
15964.jpg,4
14764.jpg,4
14263.jpg,4
1026.jpg,4
100956.jpg,4
17884.jpg,4
102724.jpg,4
15319.jpg,4
14229.jpg,4
13856.jpg,4
11769.jpg,4
168.jpg,4
11579.jpg,4
19993.jpg,4
14120.jpg,4
1702.jpg,4
10725.jpg,4
19403.jpg,4
17720.jpg,4
14079.jpg,4
15397.jpg,4
14743.jpg,4
1355.jpg,4
100419.jpg,4
18605.jpg,4
19275.jpg,4
10204.jpg,4
17896.jpg,4
18848.jpg,4
101821.jpg,4
17861.jpg,4
16295.jpg,4
14661.jpg,4
100109.jpg,4
102384.jpg,4
17117.jpg,4
101313.jpg,4
13543.jpg,4
11383.jpg,4
102477.jpg,4
14149.jpg,4
100940.jpg,4
13774.jpg,4
102995.jpg,4
10277.jpg,4
100474.jpg,4
102708.jpg,4
101898.jpg,4
18685.jpg,4
11715.jpg,4
13886.jpg,4
102647.jpg,4
100925.jpg,4
16196.jpg,4
100875.jpg,4
100730.jpg,4
102836.jpg,4
14893.jpg,4
19119.jpg,4
19027.jpg,4
1388.jpg,4
14317.jpg,4
13645.jpg,4
1346.jpg,4
102382.jpg,4
13357.jpg,4
19248.jpg,4
14049.jpg,4
18064.jpg,4
1430.jpg,4
19990.jpg,4
10041.jpg,4
1637.jpg,4
12316.jpg,4
16303.jpg,4
102521.jpg,4
16071.jpg,4
11327.jpg,4
102883.jpg,4
12554.jpg,4
16974.jpg,4
17767.jpg,4
11789.jpg,4
10619.jpg,4
12841.jpg,4
19651.jpg,4
103138.jpg,4
102830.jpg,4
18836.jpg,4
102808.jpg,4
19755.jpg,4
11129.jpg,4
13529.jpg,4
101389.jpg,4
15873.jpg,4
12236.jpg,4
12520.jpg,4
12751.jpg,4
100881.jpg,4
100105.jpg,4
102115.jpg,4
100876.jpg,4
17067.jpg,4
15376.jpg,4
102068.jpg,4
101974.jpg,4
1072.jpg,4
18263.jpg,4
15256.jpg,4
16315.jpg,4
102880.jpg,4
13957.jpg,4
14515.jpg,4
12124.jpg,4
19284.jpg,4
19098.jpg,4
18388.jpg,4
102387.jpg,4
1096.jpg,4
101754.jpg,4
16490.jpg,4
1203.jpg,4
1178.jpg,4
103130.jpg,4
101567.jpg,4
16220.jpg,4
19645.jpg,4
102924.jpg,4
100203.jpg,4
100333.jpg,4
12052.jpg,4
16087.jpg,4
102493.jpg,4
12469.jpg,4
13766.jpg,4
12139.jpg,4
19581.jpg,4
13822.jpg,4
14167.jpg,4
17873.jpg,4
100858.jpg,4
15889.jpg,4
13752.jpg,4
14101.jpg,4
17945.jpg,4
15221.jpg,4
18540.jpg,4
10679.jpg,4
15637.jpg,4
16676.jpg,4
11892.jpg,4
1457.jpg,4
19923.jpg,4
18984.jpg,4
19601.jpg,4
100391.jpg,4
13047.jpg,4
1332.jpg,4
19373.jpg,4
16684.jpg,4
17277.jpg,4
18170.jpg,4
12466.jpg,4
102367.jpg,4
100179.jpg,4
12557.jpg,4
13754.jpg,4
102455.jpg,4
100624.jpg,4
12525.jpg,4
1074.jpg,4
101108.jpg,4
101307.jpg,4
10241.jpg,4
13580.jpg,4
16701.jpg,4
102125.jpg,4
102732.jpg,4
100921.jpg,4
101013.jpg,4
14766.jpg,4
16026.jpg,4
15978.jpg,4
100095.jpg,4
15727.jpg,4
100326.jpg,4
14806.jpg,4
16755.jpg,4
13734.jpg,4
15295.jpg,4
10328.jpg,4
13946.jpg,4
12576.jpg,4
10271.jpg,4
14321.jpg,4
17167.jpg,4
15775.jpg,4
13790.jpg,4
10885.jpg,4
13745.jpg,4
11246.jpg,4
17487.jpg,4
1250.jpg,4
103140.jpg,4
10767.jpg,4
14312.jpg,4
100761.jpg,4
14183.jpg,4
100037.jpg,4
102531.jpg,4
11720.jpg,4
10659.jpg,4
102923.jpg,4
16642.jpg,4
17076.jpg,4
102485.jpg,4
18812.jpg,4
1195.jpg,4
13146.jpg,4
102398.jpg,4
100655.jpg,4
10971.jpg,4
12490.jpg,4
100941.jpg,4
13196.jpg,4
10080.jpg,4
101739.jpg,4
16576.jpg,4
1170.jpg,4
13647.jpg,4
100817.jpg,4
12059.jpg,4
100293.jpg,4
10825.jpg,4
14410.jpg,4
102011.jpg,4
10306.jpg,4
100460.jpg,4
19934.jpg,4
17236.jpg,4
1822.jpg,4
102720.jpg,4
101423.jpg,4
11094.jpg,4
16349.jpg,4
12120.jpg,4
12426.jpg,4
15869.jpg,4
19134.jpg,4
11822.jpg,4
17473.jpg,4
18522.jpg,4
103242.jpg,4
11431.jpg,4
16977.jpg,4
14319.jpg,4
102191.jpg,4
14790.jpg,4
145.jpg,4
100485.jpg,4
16744.jpg,4
19957.jpg,4
18602.jpg,4
1849.jpg,4
100923.jpg,4
17397.jpg,4
101259.jpg,4
14529.jpg,4
18042.jpg,4
11046.jpg,4
15402.jpg,4
102045.jpg,4
11981.jpg,4
13782.jpg,4
100431.jpg,4
19026.jpg,4
11781.jpg,4
14392.jpg,4
11507.jpg,4
15811.jpg,4
18324.jpg,4
10181.jpg,4
13422.jpg,4
10976.jpg,4
11540.jpg,4
100256.jpg,4
100461.jpg,4
100012.jpg,4
18309.jpg,4
103249.jpg,4
16824.jpg,4
14008.jpg,4
16848.jpg,4
11484.jpg,4
17148.jpg,4
10556.jpg,4
15290.jpg,4
103087.jpg,4
11744.jpg,4
102859.jpg,4
12952.jpg,4
10058.jpg,4
12423.jpg,4
17181.jpg,4
16152.jpg,4
12824.jpg,4
100342.jpg,4
11454.jpg,4
12589.jpg,4
101121.jpg,4
13729.jpg,4
102142.jpg,4
12915.jpg,4
19567.jpg,4
15788.jpg,4
17371.jpg,4
15544.jpg,4
10557.jpg,4
1751.jpg,4
17189.jpg,4
18839.jpg,4
100027.jpg,4
100225.jpg,4
102839.jpg,4
19181.jpg,4
19266.jpg,4
100163.jpg,4
13693.jpg,4
13666.jpg,4
14825.jpg,4
19182.jpg,4
101217.jpg,4
100063.jpg,4
12878.jpg,4
1594.jpg,4
12409.jpg,4
17551.jpg,4
13297.jpg,4
12079.jpg,4
15223.jpg,4
101352.jpg,4
14165.jpg,4
16884.jpg,4
18340.jpg,4
18904.jpg,4
14418.jpg,4
18538.jpg,4
15686.jpg,4
102736.jpg,4
1348.jpg,4
17741.jpg,4
15218.jpg,4
16843.jpg,4
100268.jpg,4
17467.jpg,4
14461.jpg,4
15627.jpg,4
1387.jpg,4
18366.jpg,4
102892.jpg,4
1242.jpg,4
101037.jpg,4
101735.jpg,4
17794.jpg,4
18399.jpg,4
19356.jpg,4
11515.jpg,4
18306.jpg,4
10802.jpg,4
100857.jpg,4
12465.jpg,4
17370.jpg,4
15007.jpg,4
100895.jpg,4
16648.jpg,4
15555.jpg,4
14272.jpg,4
18898.jpg,4
13371.jpg,4
15479.jpg,4
102111.jpg,4
19595.jpg,4
102454.jpg,4
1785.jpg,4
15310.jpg,4
17383.jpg,4
16643.jpg,4
12945.jpg,4
10150.jpg,4
15541.jpg,4
19916.jpg,4
10057.jpg,4
101693.jpg,4
13587.jpg,4
1566.jpg,4
10663.jpg,4
100981.jpg,4
13555.jpg,4
11352.jpg,4
19045.jpg,4
16176.jpg,4
15240.jpg,4
102233.jpg,4
14261.jpg,4
11927.jpg,4
16749.jpg,4
12324.jpg,4
10432.jpg,4
12820.jpg,4
11277.jpg,4
18036.jpg,4
12027.jpg,4
102679.jpg,4
11665.jpg,4
102852.jpg,4
17091.jpg,4
102951.jpg,4
11585.jpg,4
13842.jpg,4
15762.jpg,4
103243.jpg,4
17206.jpg,4
17216.jpg,4
10454.jpg,4
100048.jpg,4
11060.jpg,4
19832.jpg,4
10040.jpg,4
18249.jpg,4
10345.jpg,4
18124.jpg,4
103031.jpg,4
17059.jpg,4
13881.jpg,4
15508.jpg,4
102928.jpg,4
18634.jpg,4
19242.jpg,4
15091.jpg,4
16963.jpg,4
16254.jpg,4
15950.jpg,4
102087.jpg,4
10003.jpg,4
17184.jpg,4
14405.jpg,4
11526.jpg,4
101795.jpg,4
18310.jpg,4
100854.jpg,4
10424.jpg,4
18425.jpg,4
102626.jpg,4
15760.jpg,4
103198.jpg,4
14842.jpg,4
12010.jpg,4
101523.jpg,4
17825.jpg,4
1700.jpg,4
16516.jpg,4
14477.jpg,4
157.jpg,4
15343.jpg,4
103104.jpg,4
19463.jpg,4
11069.jpg,4
100562.jpg,4
19495.jpg,4
102993.jpg,4
14760.jpg,4
11348.jpg,4
11135.jpg,4
16623.jpg,4
17065.jpg,4
102879.jpg,4
102838.jpg,4
16058.jpg,4
16978.jpg,4
1984.jpg,4
17729.jpg,4
14116.jpg,4
18007.jpg,4
10995.jpg,4
103076.jpg,4
18582.jpg,4
13076.jpg,4
17769.jpg,4
101784.jpg,4
15341.jpg,4
16647.jpg,4
16907.jpg,4
18040.jpg,4
1605.jpg,4
1938.jpg,4
13624.jpg,4
100433.jpg,4
14765.jpg,4
10978.jpg,4
1960.jpg,4
101314.jpg,4
12592.jpg,4
18818.jpg,4
13704.jpg,4
18704.jpg,4
17455.jpg,4
13962.jpg,4
16731.jpg,4
10485.jpg,4
1893.jpg,4
16993.jpg,4
19566.jpg,4
101292.jpg,4
10479.jpg,4
13007.jpg,4
14475.jpg,4
15321.jpg,4
13235.jpg,4
101281.jpg,4
101762.jpg,4
11329.jpg,4
100920.jpg,4
103074.jpg,4
101261.jpg,4
16540.jpg,4
14054.jpg,4
16940.jpg,4
17975.jpg,4
15981.jpg,4
17596.jpg,4
1354.jpg,4
11238.jpg,4
11369.jpg,4
14222.jpg,4
19965.jpg,4
101243.jpg,4
103201.jpg,4
17969.jpg,4
15100.jpg,4
13481.jpg,4
100290.jpg,4
103175.jpg,4
10095.jpg,4
12269.jpg,4
162.jpg,4
19467.jpg,4
12514.jpg,4
17169.jpg,4
19351.jpg,4
11973.jpg,4
12491.jpg,4
100115.jpg,4
101234.jpg,4
100036.jpg,4
14275.jpg,4
10777.jpg,4
18419.jpg,4
13249.jpg,4
16568.jpg,4
10161.jpg,4
13310.jpg,4
101023.jpg,4
10429.jpg,4
19352.jpg,4
12230.jpg,4
16765.jpg,4
14826.jpg,4
14201.jpg,4
15740.jpg,4
16451.jpg,4
102868.jpg,4
1266.jpg,4
17916.jpg,4
14881.jpg,4
17399.jpg,4
15579.jpg,4
100086.jpg,4
13885.jpg,4
13890.jpg,4
101521.jpg,4
14507.jpg,4
101305.jpg,4
19958.jpg,4
100055.jpg,4
13474.jpg,4
13469.jpg,4
18862.jpg,4
100235.jpg,4
15173.jpg,4
17102.jpg,4
15925.jpg,4
10653.jpg,4
18728.jpg,4
13458.jpg,4
17989.jpg,4
11090.jpg,4
12424.jpg,4
14891.jpg,4
100087.jpg,4
19337.jpg,4
102862.jpg,4
100710.jpg,4
19838.jpg,4
101075.jpg,4
19444.jpg,4
16995.jpg,4
17175.jpg,4
100396.jpg,4
12993.jpg,4
100435.jpg,4
101480.jpg,4
12353.jpg,4
101354.jpg,4
18360.jpg,4
102877.jpg,4
13897.jpg,4
19856.jpg,4
102041.jpg,4
16099.jpg,4
12940.jpg,4
18332.jpg,4
13933.jpg,4
11666.jpg,4
14434.jpg,4
102271.jpg,4
103080.jpg,4
175.jpg,4
14298.jpg,4
16158.jpg,4
13049.jpg,4
1706.jpg,4
15095.jpg,4
18814.jpg,4
10313.jpg,4
13577.jpg,4
102645.jpg,4
102098.jpg,4
15504.jpg,4
100721.jpg,4
10361.jpg,4
15448.jpg,4
102006.jpg,4
16130.jpg,4
13572.jpg,4
102114.jpg,4
102608.jpg,4
10651.jpg,4
15575.jpg,4
19767.jpg,4
19109.jpg,4
18871.jpg,4
101351.jpg,4
19826.jpg,4
1012.jpg,4
102187.jpg,4
1227.jpg,4
16008.jpg,4
16487.jpg,4
1294.jpg,4
15247.jpg,4
1962.jpg,4
101197.jpg,4
15948.jpg,4
18236.jpg,4
1716.jpg,4
15774.jpg,4
19783.jpg,4
1454.jpg,4
18709.jpg,4
11362.jpg,4
16900.jpg,4
17997.jpg,4
18129.jpg,4
17859.jpg,4
19837.jpg,4
17736.jpg,4
11007.jpg,4
10577.jpg,4
102784.jpg,4
1568.jpg,4
12595.jpg,4
17773.jpg,4
19835.jpg,4
16459.jpg,4
16906.jpg,4
100643.jpg,4
16209.jpg,4
11331.jpg,4
101095.jpg,4
15744.jpg,4
11325.jpg,4
12037.jpg,4
11971.jpg,4
19779.jpg,4
101660.jpg,4
101873.jpg,4
13206.jpg,4
19526.jpg,4
102509.jpg,4
103202.jpg,4
18715.jpg,4
16614.jpg,4
1233.jpg,4
10859.jpg,4
12450.jpg,4
13358.jpg,4
16634.jpg,4
101543.jpg,4
11782.jpg,4
18293.jpg,4
10620.jpg,4
19055.jpg,4
1810.jpg,4
1763.jpg,4
15403.jpg,4
15657.jpg,4
11340.jpg,4
15818.jpg,4
19781.jpg,4
101573.jpg,4
100684.jpg,4
16762.jpg,4
102027.jpg,4
15854.jpg,4
101347.jpg,4
10563.jpg,4
11862.jpg,4
100781.jpg,4
15002.jpg,4
19243.jpg,4
102831.jpg,4
19964.jpg,4
19357.jpg,4
18448.jpg,4
15926.jpg,4
18052.jpg,4
17406.jpg,4
12275.jpg,4
15836.jpg,4
103224.jpg,4
16180.jpg,4
19780.jpg,4
16515.jpg,4
1394.jpg,4
17549.jpg,4
14086.jpg,4
13163.jpg,4
15239.jpg,4
10382.jpg,4
13375.jpg,4
100389.jpg,4
19225.jpg,4
10599.jpg,4
15396.jpg,4
1207.jpg,4
13720.jpg,4
1613.jpg,4
10701.jpg,4
102898.jpg,4
10217.jpg,4
12918.jpg,4
14983.jpg,4
12715.jpg,4
11462.jpg,4
17604.jpg,4
16356.jpg,4
11165.jpg,4
17101.jpg,4
19627.jpg,4
101568.jpg,4
19708.jpg,4
10608.jpg,4
13349.jpg,4
17653.jpg,4
11145.jpg,4
11604.jpg,4
19060.jpg,4
11178.jpg,4
103150.jpg,4
13698.jpg,4
15991.jpg,4
14171.jpg,4
15085.jpg,4
1894.jpg,4
19394.jpg,4
10054.jpg,4
103142.jpg,4
15060.jpg,4
101085.jpg,4
12253.jpg,4
18213.jpg,4
14254.jpg,4
102219.jpg,4
16050.jpg,4
100578.jpg,4
10678.jpg,4
16296.jpg,4
19683.jpg,4
13571.jpg,4
11731.jpg,4
16301.jpg,4
102722.jpg,4
19024.jpg,4
100362.jpg,4
13460.jpg,4
1991.jpg,4
17249.jpg,4
19697.jpg,4
19619.jpg,4
12211.jpg,4
10275.jpg,4
10693.jpg,4
11144.jpg,4
12533.jpg,4
100970.jpg,4
18488.jpg,4
101105.jpg,4
13898.jpg,4
13354.jpg,4
100862.jpg,4
13130.jpg,4
18666.jpg,4
10702.jpg,4
10083.jpg,4
14541.jpg,4
17748.jpg,4
19840.jpg,4
